2026-05-24 15:59:40 +0000 [MT] Initial pipeline context: <IDEDistributionProcessingPipelineContext: 0x11bf20f80; archive(resolved)="<IDEArchive: 0x113960e10>", distributionTask(resolved)="2", distributionDestination(resolved)="1", distributionMethod(resolved)="<IDEDistributionMethodiOSAppStoreDistribution: 0x11bd16a90>", team(resolved)="<IDEProvisioningBasicTeam: 0x11bdd5f50; teamID='U5JG38RBYM', teamName='(null)'>">
	Chain (15, self inclusive):
	<IDEDistributionProcessingPipelineContext: 0x11bf20f80; archive = "<IDEArchive: 0x113960e10>", distributionMethod="<IDEDistributionMethodiOSAppStoreDistribution: 0x11bd16a90>", team="<IDEProvisioningBasicTeam: 0x11bdd5f50; teamID='U5JG38RBYM', teamName='(null)'>">
	<IDEDistributionProcessingPipelineContext: 0x11bf8a410; archive = "<IDEArchive: 0x113960e10>", distributionMethod="<IDEDistributionMethodiOSAppStoreDistribution: 0x11bd16a90>", team="<IDEProvisioningBasicTeam: 0x11bdd5f50; teamID='U5JG38RBYM', teamName='(null)'>">
	<IDEDistributionContext: 0x11d415dc0; archive = "<IDEArchive: 0x113960e10>", distributionMethod="<IDEDistributionMethodiOSAppStoreDistribution: 0x11bd16a90>", team="<IDEProvisioningBasicTeam: 0x11bdd5f50; teamID='U5JG38RBYM', teamName='(null)'>">
	<IDEDistributionContext: 0x14711b750; archive = "<IDEArchive: 0x113960e10>", distributionMethod="<IDEDistributionMethodiOSAppStoreDistribution: 0x11bd16a90>", team="<IDEProvisioningBasicTeam: 0x11bdd5f50; teamID='U5JG38RBYM', teamName='(null)'>">
	<IDEDistributionContext: 0x14711b540; archive = "<IDEArchive: 0x113960e10>", distributionMethod="<IDEDistributionMethodiOSAppStoreDistribution: 0x11bd16a90>", team="<IDEProvisioningBasicTeam: 0x11bdd5f50; teamID='U5JG38RBYM', teamName='(null)'>">
	<IDEDistributionContext: 0x147105f10; archive = "<IDEArchive: 0x113960e10>", distributionMethod="<IDEDistributionMethodiOSAppStoreDistribution: 0x11bd16a90>", team="<IDEProvisioningBasicTeam: 0x11bdd5f50; teamID='U5JG38RBYM', teamName='(null)'>">
	<IDEDistributionContext: 0x11bf14c50; archive = "<IDEArchive: 0x113960e10>", distributionMethod="<IDEDistributionMethodiOSAppStoreDistribution: 0x11bd16a90>", team="<IDEProvisioningBasicTeam: 0x11bdd5f50; teamID='U5JG38RBYM', teamName='(null)'>">
	<IDEDistributionContext: 0x11bf755f0; archive = "<IDEArchive: 0x113960e10>", distributionMethod="<IDEDistributionMethodiOSAppStoreDistribution: 0x11bd16a90>", team="<IDEProvisioningBasicTeam: 0x11bdd5f50; teamID='U5JG38RBYM', teamName='(null)'>">
	<IDEDistributionContext: 0x1139e4690; archive = "<IDEArchive: 0x113960e10>", distributionMethod="<IDEDistributionMethodiOSAppStoreDistribution: 0x11bd16a90>", team="<IDEProvisioningBasicTeam: 0x11bdd5f50; teamID='U5JG38RBYM', teamName='(null)'>">
	<IDEDistributionContext: 0x114a981a0; archive = "<IDEArchive: 0x113960e10>", distributionMethod="<IDEDistributionMethodiOSAppStoreDistribution: 0x11bd16a90>", team="<IDEProvisioningBasicTeam: 0x11bdd5f50; teamID='U5JG38RBYM', teamName='(null)'>">
	<IDEDistributionContext: 0x145fee1c0; archive = "<IDEArchive: 0x113960e10>", distributionMethod="<IDEDistributionMethodiOSAppStoreDistribution: 0x11bd16a90>", team="<IDEProvisioningBasicTeam: 0x11bdd5f50; teamID='U5JG38RBYM', teamName='(null)'>">
	<IDEDistributionContext: 0x1139dd150; archive = "<IDEArchive: 0x113960e10>", distributionMethod="<IDEDistributionMethodiOSAppStoreDistribution: 0x11bd16a90>", team="<IDEProvisioningBasicTeam: 0x11bdd5f50; teamID='U5JG38RBYM', teamName='(null)'>">
	<IDEDistributionContext: 0x1139dc680; archive = "<IDEArchive: 0x113960e10>", distributionMethod="<IDEDistributionMethodiOSAppStoreDistribution: 0x11bd16a90>", team="(null)">
	<IDEDistributionContext: 0x114cf3960; archive = "<IDEArchive: 0x113960e10>", distributionMethod="<IDEDistributionMethodiOSAppStoreDistribution: 0x11bd16a90>", team="(null)">
	<IDEDistributionContext: 0x113959960; archive = "<IDEArchive: 0x113960e10>", distributionMethod="(null)", team="(null)">
</IDEDistributionProcessingPipelineContext: 0x11bf20f80>
2026-05-24 15:59:40 +0000 [MT] Processing step: IDEDistributionCreateDestRootStep
2026-05-24 15:59:40 +0000 [MT] Processing step: IDEDistributionCopyItemStep
2026-05-24 15:59:40 +0000 [MT] Running /usr/bin/ditto '-V' '/Users/enamegyir/Developer/Projects/phoenix-international-school/ios/App/build/App.xcarchive/Products/Applications/App.app' '/var/folders/y5/m4lt_4tx3v3grdl78fzhvdcm0000gn/T/XcodeDistPipeline.~~~4TUnRZ/Root/Payload/App.app'
2026-05-24 15:59:40 +0000  >>> Copying /Users/enamegyir/Developer/Projects/phoenix-international-school/ios/App/build/App.xcarchive/Products/Applications/App.app 
2026-05-24 15:59:40 +0000  copying file ./_CodeSignature/CodeResources ... 
2026-05-24 15:59:40 +0000  206377 bytes for ./_CodeSignature/CodeResources
2026-05-24 15:59:40 +0000  copying file ./App ... 
2026-05-24 15:59:40 +0000  202240 bytes for ./App
2026-05-24 15:59:40 +0000  copying file ./AppIcon60x60@2x.png ... 
2026-05-24 15:59:40 +0000  26757 bytes for ./AppIcon60x60@2x.png
2026-05-24 15:59:40 +0000  copying file ./Base.lproj/Main.storyboardc/UIViewController-BYZ-38-t0r.nib ... 
2026-05-24 15:59:40 +0000  858 bytes for ./Base.lproj/Main.storyboardc/UIViewController-BYZ-38-t0r.nib
2026-05-24 15:59:40 +0000  copying file ./Base.lproj/Main.storyboardc/Info.plist ... 
2026-05-24 15:59:40 +0000  258 bytes for ./Base.lproj/Main.storyboardc/Info.plist
2026-05-24 15:59:40 +0000  copying file ./Base.lproj/LaunchScreen.storyboardc/01J-lp-oVM-view-snD-IY-ifK.nib ... 
2026-05-24 15:59:40 +0000  1278 bytes for ./Base.lproj/LaunchScreen.storyboardc/01J-lp-oVM-view-snD-IY-ifK.nib
2026-05-24 15:59:40 +0000  copying file ./Base.lproj/LaunchScreen.storyboardc/UIViewController-01J-lp-oVM.nib ... 
2026-05-24 15:59:40 +0000  924 bytes for ./Base.lproj/LaunchScreen.storyboardc/UIViewController-01J-lp-oVM.nib
2026-05-24 15:59:40 +0000  copying file ./Base.lproj/LaunchScreen.storyboardc/Info.plist ... 
2026-05-24 15:59:40 +0000  258 bytes for ./Base.lproj/LaunchScreen.storyboardc/Info.plist
2026-05-24 15:59:40 +0000  copying file ./config.xml ... 
2026-05-24 15:59:40 +0000  185 bytes for ./config.xml
2026-05-24 15:59:40 +0000  copying file ./public/__next._tree.txt ... 
2026-05-24 15:59:40 +0000  358 bytes for ./public/__next._tree.txt
2026-05-24 15:59:40 +0000  copying file ./public/principal/__next.principal.txt ... 
2026-05-24 15:59:40 +0000  525 bytes for ./public/principal/__next.principal.txt
2026-05-24 15:59:40 +0000  copying file ./public/principal/__next._tree.txt ... 
2026-05-24 15:59:40 +0000  431 bytes for ./public/principal/__next._tree.txt
2026-05-24 15:59:40 +0000  copying file ./public/principal/__next._head.txt ... 
2026-05-24 15:59:40 +0000  1825 bytes for ./public/principal/__next._head.txt
2026-05-24 15:59:40 +0000  copying file ./public/principal/__next._full.txt ... 
2026-05-24 15:59:40 +0000  7597 bytes for ./public/principal/__next._full.txt
2026-05-24 15:59:40 +0000  copying file ./public/principal/__next._index.txt ... 
2026-05-24 15:59:40 +0000  3548 bytes for ./public/principal/__next._index.txt
2026-05-24 15:59:40 +0000  copying file ./public/principal/__next.principal.__PAGE__.txt ... 
2026-05-24 15:59:40 +0000  1024 bytes for ./public/principal/__next.principal.__PAGE__.txt
2026-05-24 15:59:40 +0000  copying file ./public/_next/static/dOIVWVitMxP7K7EIJmO63/_ssgManifest.js ... 
2026-05-24 15:59:40 +0000  80 bytes for ./public/_next/static/dOIVWVitMxP7K7EIJmO63/_ssgManifest.js
2026-05-24 15:59:40 +0000  copying file ./public/_next/static/dOIVWVitMxP7K7EIJmO63/_clientMiddlewareManifest.js ... 
2026-05-24 15:59:40 +0000  96 bytes for ./public/_next/static/dOIVWVitMxP7K7EIJmO63/_clientMiddlewareManifest.js
2026-05-24 15:59:40 +0000  copying file ./public/_next/static/dOIVWVitMxP7K7EIJmO63/_buildManifest.js ... 
2026-05-24 15:59:40 +0000  219 bytes for ./public/_next/static/dOIVWVitMxP7K7EIJmO63/_buildManifest.js
2026-05-24 15:59:40 +0000  copying file ./public/_next/static/chunks/0dktr0jrazvim.js ... 
2026-05-24 15:59:40 +0000  140248 bytes for ./public/_next/static/chunks/0dktr0jrazvim.js
2026-05-24 15:59:40 +0000  copying file ./public/_next/static/chunks/0lbolnw5ad_nn.js ... 
2026-05-24 15:59:40 +0000  8187 bytes for ./public/_next/static/chunks/0lbolnw5ad_nn.js
2026-05-24 15:59:40 +0000  copying file ./public/_next/static/chunks/0qrqjjp2ehnjl.js ... 
2026-05-24 15:59:40 +0000  18897 bytes for ./public/_next/static/chunks/0qrqjjp2ehnjl.js
2026-05-24 15:59:40 +0000  copying file ./public/_next/static/chunks/0b13gfnvwb8.p.js ... 
2026-05-24 15:59:40 +0000  31614 bytes for ./public/_next/static/chunks/0b13gfnvwb8.p.js
2026-05-24 15:59:40 +0000  copying file ./public/_next/static/chunks/17h1j4u.z89w5.js ... 
2026-05-24 15:59:40 +0000  10825 bytes for ./public/_next/static/chunks/17h1j4u.z89w5.js
2026-05-24 15:59:40 +0000  copying file ./public/_next/static/chunks/01g9z8jxy0i0x.js ... 
2026-05-24 15:59:40 +0000  32466 bytes for ./public/_next/static/chunks/01g9z8jxy0i0x.js
2026-05-24 15:59:40 +0000  copying file ./public/_next/static/chunks/0i637hqz6s5px.js ... 
2026-05-24 15:59:40 +0000  7869 bytes for ./public/_next/static/chunks/0i637hqz6s5px.js
2026-05-24 15:59:40 +0000  copying file ./public/_next/static/chunks/0advfdn5svy~n.css ... 
2026-05-24 15:59:40 +0000  63726 bytes for ./public/_next/static/chunks/0advfdn5svy~n.css
2026-05-24 15:59:40 +0000  copying file ./public/_next/static/chunks/0-wyxqr-i-b6_.js ... 
2026-05-24 15:59:40 +0000  15875 bytes for ./public/_next/static/chunks/0-wyxqr-i-b6_.js
2026-05-24 15:59:40 +0000  copying file ./public/_next/static/chunks/03q7ban75p78y.js ... 
2026-05-24 15:59:40 +0000  40579 bytes for ./public/_next/static/chunks/03q7ban75p78y.js
2026-05-24 15:59:40 +0000  copying file ./public/_next/static/chunks/0gscbv2oo_ix7.js ... 
2026-05-24 15:59:40 +0000  32497 bytes for ./public/_next/static/chunks/0gscbv2oo_ix7.js
2026-05-24 15:59:40 +0000  copying file ./public/_next/static/chunks/0t6.-stohdt0b.js ... 
2026-05-24 15:59:40 +0000  7250 bytes for ./public/_next/static/chunks/0t6.-stohdt0b.js
2026-05-24 15:59:40 +0000  copying file ./public/_next/static/chunks/0h8_zux3hx_gn.js ... 
2026-05-24 15:59:40 +0000  34518 bytes for ./public/_next/static/chunks/0h8_zux3hx_gn.js
2026-05-24 15:59:40 +0000  copying file ./public/_next/static/chunks/0apl9uorfp1ml.js ... 
2026-05-24 15:59:40 +0000  7598 bytes for ./public/_next/static/chunks/0apl9uorfp1ml.js
2026-05-24 15:59:40 +0000  copying file ./public/_next/static/chunks/08x2w-mro3gxg.js ... 
2026-05-24 15:59:40 +0000  30502 bytes for ./public/_next/static/chunks/08x2w-mro3gxg.js
2026-05-24 15:59:40 +0000  copying file ./public/_next/static/chunks/0v.rxeng0yicp.js ... 
2026-05-24 15:59:40 +0000  29691 bytes for ./public/_next/static/chunks/0v.rxeng0yicp.js
2026-05-24 15:59:40 +0000  copying file ./public/_next/static/chunks/03de110lbwwfm.js ... 
2026-05-24 15:59:40 +0000  29350 bytes for ./public/_next/static/chunks/03de110lbwwfm.js
2026-05-24 15:59:40 +0000  copying file ./public/_next/static/chunks/03~yq9q893hmn.js ... 
2026-05-24 15:59:40 +0000  112594 bytes for ./public/_next/static/chunks/03~yq9q893hmn.js
2026-05-24 15:59:40 +0000  copying file ./public/_next/static/chunks/0-9cy09p7ozwy.js ... 
2026-05-24 15:59:40 +0000  34381 bytes for ./public/_next/static/chunks/0-9cy09p7ozwy.js
2026-05-24 15:59:40 +0000  copying file ./public/_next/static/chunks/0d3shmwh5_nmn.js ... 
2026-05-24 15:59:40 +0000  54646 bytes for ./public/_next/static/chunks/0d3shmwh5_nmn.js
2026-05-24 15:59:40 +0000  copying file ./public/_next/static/chunks/0m9.p3woalzt-.js ... 
2026-05-24 15:59:40 +0000  23024 bytes for ./public/_next/static/chunks/0m9.p3woalzt-.js
2026-05-24 15:59:40 +0000  copying file ./public/_next/static/chunks/0b_4ren8lxj~q.js ... 
2026-05-24 15:59:40 +0000  7880 bytes for ./public/_next/static/chunks/0b_4ren8lxj~q.js
2026-05-24 15:59:40 +0000  copying file ./public/_next/static/chunks/12l6~jz-2rf1..js ... 
2026-05-24 15:59:40 +0000  18903 bytes for ./public/_next/static/chunks/12l6~jz-2rf1..js
2026-05-24 15:59:40 +0000  copying file ./public/_next/static/chunks/12w5.gnm6-rvi.js ... 
2026-05-24 15:59:40 +0000  14154 bytes for ./public/_next/static/chunks/12w5.gnm6-rvi.js
2026-05-24 15:59:40 +0000  copying file ./public/_next/static/chunks/0aiqtsjwfv0qf.js ... 
2026-05-24 15:59:40 +0000  354826 bytes for ./public/_next/static/chunks/0aiqtsjwfv0qf.js
2026-05-24 15:59:40 +0000  copying file ./public/_next/static/chunks/15ilz1at_l0qu.js ... 
2026-05-24 15:59:40 +0000  31421 bytes for ./public/_next/static/chunks/15ilz1at_l0qu.js
2026-05-24 15:59:40 +0000  copying file ./public/_next/static/chunks/0zdmi2ngnrea..js ... 
2026-05-24 15:59:40 +0000  18315 bytes for ./public/_next/static/chunks/0zdmi2ngnrea..js
2026-05-24 15:59:40 +0000  copying file ./public/_next/static/chunks/0p5or-xu4nl91.js ... 
2026-05-24 15:59:40 +0000  29051 bytes for ./public/_next/static/chunks/0p5or-xu4nl91.js
2026-05-24 15:59:40 +0000  copying file ./public/_next/static/chunks/0_i3a5t~gba3l.js ... 
2026-05-24 15:59:40 +0000  21283 bytes for ./public/_next/static/chunks/0_i3a5t~gba3l.js
2026-05-24 15:59:40 +0000  copying file ./public/_next/static/chunks/0y-t-6305n~xu.js ... 
2026-05-24 15:59:40 +0000  20396 bytes for ./public/_next/static/chunks/0y-t-6305n~xu.js
2026-05-24 15:59:40 +0000  copying file ./public/_next/static/chunks/0ikjlzt5juu-..js ... 
2026-05-24 15:59:40 +0000  32109 bytes for ./public/_next/static/chunks/0ikjlzt5juu-..js
2026-05-24 15:59:40 +0000  copying file ./public/_next/static/chunks/16l-qpgyselib.js ... 
2026-05-24 15:59:40 +0000  33036 bytes for ./public/_next/static/chunks/16l-qpgyselib.js
2026-05-24 15:59:40 +0000  copying file ./public/_next/static/chunks/09e20ngfa4iv1.js ... 
2026-05-24 15:59:40 +0000  26087 bytes for ./public/_next/static/chunks/09e20ngfa4iv1.js
2026-05-24 15:59:40 +0000  copying file ./public/_next/static/chunks/169_vrir7i-d..js ... 
2026-05-24 15:59:40 +0000  47641 bytes for ./public/_next/static/chunks/169_vrir7i-d..js
2026-05-24 15:59:40 +0000  copying file ./public/_next/static/chunks/0rpjnemkz_7qy.js ... 
2026-05-24 15:59:40 +0000  10587 bytes for ./public/_next/static/chunks/0rpjnemkz_7qy.js
2026-05-24 15:59:40 +0000  copying file ./public/_next/static/chunks/0s9~-t8xo20s_.js ... 
2026-05-24 15:59:40 +0000  24894 bytes for ./public/_next/static/chunks/0s9~-t8xo20s_.js
2026-05-24 15:59:40 +0000  copying file ./public/_next/static/chunks/03639_h90sh4-.js ... 
2026-05-24 15:59:40 +0000  3127 bytes for ./public/_next/static/chunks/03639_h90sh4-.js
2026-05-24 15:59:40 +0000  copying file ./public/_next/static/chunks/12lvmmonru_4h.js ... 
2026-05-24 15:59:40 +0000  9903 bytes for ./public/_next/static/chunks/12lvmmonru_4h.js
2026-05-24 15:59:40 +0000  copying file ./public/_next/static/chunks/0ld2us8picqz8.js ... 
2026-05-24 15:59:40 +0000  3528 bytes for ./public/_next/static/chunks/0ld2us8picqz8.js
2026-05-24 15:59:40 +0000  copying file ./public/_next/static/chunks/0~uurj4wwn1y3.js ... 
2026-05-24 15:59:40 +0000  15164 bytes for ./public/_next/static/chunks/0~uurj4wwn1y3.js
2026-05-24 15:59:40 +0000  copying file ./public/_next/static/chunks/075f1jzux3i3a.js ... 
2026-05-24 15:59:40 +0000  5212 bytes for ./public/_next/static/chunks/075f1jzux3i3a.js
2026-05-24 15:59:40 +0000  copying file ./public/_next/static/chunks/0x.ldcpvfky5f.js ... 
2026-05-24 15:59:40 +0000  28910 bytes for ./public/_next/static/chunks/0x.ldcpvfky5f.js
2026-05-24 15:59:40 +0000  copying file ./public/_next/static/chunks/02fo_25u_uqj0.js ... 
2026-05-24 15:59:40 +0000  7757 bytes for ./public/_next/static/chunks/02fo_25u_uqj0.js
2026-05-24 15:59:40 +0000  copying file ./public/_next/static/chunks/0ijsybfe_wh3v.js ... 
2026-05-24 15:59:40 +0000  44167 bytes for ./public/_next/static/chunks/0ijsybfe_wh3v.js
2026-05-24 15:59:40 +0000  copying file ./public/_next/static/chunks/0oz1j38m_l3aa.js ... 
2026-05-24 15:59:40 +0000  33920 bytes for ./public/_next/static/chunks/0oz1j38m_l3aa.js
2026-05-24 15:59:40 +0000  copying file ./public/_next/static/chunks/02at3drszo60w.js ... 
2026-05-24 15:59:40 +0000  6731 bytes for ./public/_next/static/chunks/02at3drszo60w.js
2026-05-24 15:59:40 +0000  copying file ./public/_next/static/chunks/0r4hte1ip3.kd.js ... 
2026-05-24 15:59:40 +0000  7329 bytes for ./public/_next/static/chunks/0r4hte1ip3.kd.js
2026-05-24 15:59:40 +0000  copying file ./public/_next/static/chunks/130v~8y7~42bc.js ... 
2026-05-24 15:59:40 +0000  12525 bytes for ./public/_next/static/chunks/130v~8y7~42bc.js
2026-05-24 15:59:40 +0000  copying file ./public/_next/static/chunks/turbopack-154.gxn0r_j8i.js ... 
2026-05-24 15:59:40 +0000  10580 bytes for ./public/_next/static/chunks/turbopack-154.gxn0r_j8i.js
2026-05-24 15:59:40 +0000  copying file ./public/_next/static/chunks/0jgg96226acg9.js ... 
2026-05-24 15:59:40 +0000  2356 bytes for ./public/_next/static/chunks/0jgg96226acg9.js
2026-05-24 15:59:40 +0000  copying file ./public/_next/static/chunks/15395954nix5e.js ... 
2026-05-24 15:59:40 +0000  1390 bytes for ./public/_next/static/chunks/15395954nix5e.js
2026-05-24 15:59:40 +0000  copying file ./public/_next/static/chunks/06dwa~k9ynnn4.js ... 
2026-05-24 15:59:40 +0000  31131 bytes for ./public/_next/static/chunks/06dwa~k9ynnn4.js
2026-05-24 15:59:40 +0000  copying file ./public/_next/static/chunks/02xebcysu9lbu.js ... 
2026-05-24 15:59:40 +0000  57641 bytes for ./public/_next/static/chunks/02xebcysu9lbu.js
2026-05-24 15:59:40 +0000  copying file ./public/_next/static/chunks/0up_tgvu76udb.js ... 
2026-05-24 15:59:40 +0000  19907 bytes for ./public/_next/static/chunks/0up_tgvu76udb.js
2026-05-24 15:59:40 +0000  copying file ./public/_next/static/chunks/0reywpn9ww1q..js ... 
2026-05-24 15:59:40 +0000  9916 bytes for ./public/_next/static/chunks/0reywpn9ww1q..js
2026-05-24 15:59:40 +0000  copying file ./public/_next/static/chunks/0zbndxs.z-m.n.js ... 
2026-05-24 15:59:40 +0000  43924 bytes for ./public/_next/static/chunks/0zbndxs.z-m.n.js
2026-05-24 15:59:40 +0000  copying file ./public/_next/static/chunks/0yc..8396ogp1.js ... 
2026-05-24 15:59:40 +0000  28020 bytes for ./public/_next/static/chunks/0yc..8396ogp1.js
2026-05-24 15:59:40 +0000  copying file ./public/_next/static/chunks/0geib-yrq1gtl.js ... 
2026-05-24 15:59:40 +0000  11779 bytes for ./public/_next/static/chunks/0geib-yrq1gtl.js
2026-05-24 15:59:40 +0000  copying file ./public/_next/static/chunks/0x_sor5n_k2cc.js ... 
2026-05-24 15:59:40 +0000  34400 bytes for ./public/_next/static/chunks/0x_sor5n_k2cc.js
2026-05-24 15:59:40 +0000  copying file ./public/_next/static/chunks/0~1mhe7lpqqc4.js ... 
2026-05-24 15:59:40 +0000  8945 bytes for ./public/_next/static/chunks/0~1mhe7lpqqc4.js
2026-05-24 15:59:40 +0000  copying file ./public/_next/static/chunks/0~b35e0dlx8z-.js ... 
2026-05-24 15:59:40 +0000  13974 bytes for ./public/_next/static/chunks/0~b35e0dlx8z-.js
2026-05-24 15:59:40 +0000  copying file ./public/_next/static/chunks/06mpcb8x4_of..js ... 
2026-05-24 15:59:40 +0000  44737 bytes for ./public/_next/static/chunks/06mpcb8x4_of..js
2026-05-24 15:59:40 +0000  copying file ./public/_next/static/chunks/11o_5i9pmks~6.js ... 
2026-05-24 15:59:40 +0000  15967 bytes for ./public/_next/static/chunks/11o_5i9pmks~6.js
2026-05-24 15:59:40 +0000  copying file ./public/_next/static/chunks/0u7k95o4un92c.js ... 
2026-05-24 15:59:40 +0000  67933 bytes for ./public/_next/static/chunks/0u7k95o4un92c.js
2026-05-24 15:59:40 +0000  copying file ./public/_next/static/chunks/0b4.jnsvxt4g_.js ... 
2026-05-24 15:59:40 +0000  38849 bytes for ./public/_next/static/chunks/0b4.jnsvxt4g_.js
2026-05-24 15:59:40 +0000  copying file ./public/_next/static/chunks/0t.2laolgj6ur.js ... 
2026-05-24 15:59:40 +0000  18212 bytes for ./public/_next/static/chunks/0t.2laolgj6ur.js
2026-05-24 15:59:40 +0000  copying file ./public/_next/static/chunks/0b-4n6v2ds3kh.js ... 
2026-05-24 15:59:40 +0000  11579 bytes for ./public/_next/static/chunks/0b-4n6v2ds3kh.js
2026-05-24 15:59:40 +0000  copying file ./public/_next/static/chunks/0fsr7s6v0tgqg.js ... 
2026-05-24 15:59:40 +0000  18148 bytes for ./public/_next/static/chunks/0fsr7s6v0tgqg.js
2026-05-24 15:59:40 +0000  copying file ./public/_next/static/chunks/0k4pi..07v_e_.js ... 
2026-05-24 15:59:40 +0000  37460 bytes for ./public/_next/static/chunks/0k4pi..07v_e_.js
2026-05-24 15:59:40 +0000  copying file ./public/_next/static/chunks/0d15zhcxp2ujm.js ... 
2026-05-24 15:59:40 +0000  38917 bytes for ./public/_next/static/chunks/0d15zhcxp2ujm.js
2026-05-24 15:59:40 +0000  copying file ./public/_next/static/chunks/12v.0ltcu-hze.js ... 
2026-05-24 15:59:40 +0000  11982 bytes for ./public/_next/static/chunks/12v.0ltcu-hze.js
2026-05-24 15:59:40 +0000  copying file ./public/_next/static/chunks/0n~dq4kpx9xxx.js ... 
2026-05-24 15:59:40 +0000  227537 bytes for ./public/_next/static/chunks/0n~dq4kpx9xxx.js
2026-05-24 15:59:40 +0000  copying file ./public/_next/static/chunks/0f0gwzuo.x4jm.js ... 
2026-05-24 15:59:40 +0000  42894 bytes for ./public/_next/static/chunks/0f0gwzuo.x4jm.js
2026-05-24 15:59:40 +0000  copying file ./public/_next/static/chunks/090sqn5zylgr1.js ... 
2026-05-24 15:59:40 +0000  32392 bytes for ./public/_next/static/chunks/090sqn5zylgr1.js
2026-05-24 15:59:40 +0000  copying file ./public/_next/static/chunks/01ysh8nee~l1a.js ... 
2026-05-24 15:59:40 +0000  32117 bytes for ./public/_next/static/chunks/01ysh8nee~l1a.js
2026-05-24 15:59:40 +0000  copying file ./public/_next/static/chunks/14qg1hfhpl.34.js ... 
2026-05-24 15:59:40 +0000  43453 bytes for ./public/_next/static/chunks/14qg1hfhpl.34.js
2026-05-24 15:59:40 +0000  copying file ./public/_next/static/chunks/17gb3i0ywih90.js ... 
2026-05-24 15:59:40 +0000  41892 bytes for ./public/_next/static/chunks/17gb3i0ywih90.js
2026-05-24 15:59:40 +0000  copying file ./public/_next/static/chunks/15meigb8ke-il.js ... 
2026-05-24 15:59:40 +0000  15889 bytes for ./public/_next/static/chunks/15meigb8ke-il.js
2026-05-24 15:59:40 +0000  copying file ./public/_next/static/chunks/067cp4h7hj60q.js ... 
2026-05-24 15:59:40 +0000  41412 bytes for ./public/_next/static/chunks/067cp4h7hj60q.js
2026-05-24 15:59:40 +0000  copying file ./public/_next/static/chunks/08ohnicv8_pk-.js ... 
2026-05-24 15:59:40 +0000  33259 bytes for ./public/_next/static/chunks/08ohnicv8_pk-.js
2026-05-24 15:59:40 +0000  copying file ./public/_next/static/chunks/01xlw8hd842-c.js ... 
2026-05-24 15:59:40 +0000  3377 bytes for ./public/_next/static/chunks/01xlw8hd842-c.js
2026-05-24 15:59:40 +0000  copying file ./public/_next/static/chunks/0pqt~8bl3ukh4.js ... 
2026-05-24 15:59:40 +0000  44414 bytes for ./public/_next/static/chunks/0pqt~8bl3ukh4.js
2026-05-24 15:59:40 +0000  copying file ./public/_next/static/chunks/107bxf.z_vbm4.js ... 
2026-05-24 15:59:40 +0000  43645 bytes for ./public/_next/static/chunks/107bxf.z_vbm4.js
2026-05-24 15:59:40 +0000  copying file ./public/_next/static/chunks/0uarlqmi0928b.js ... 
2026-05-24 15:59:40 +0000  14959 bytes for ./public/_next/static/chunks/0uarlqmi0928b.js
2026-05-24 15:59:40 +0000  copying file ./public/_next/static/chunks/18aiukl4n.udz.js ... 
2026-05-24 15:59:40 +0000  32659 bytes for ./public/_next/static/chunks/18aiukl4n.udz.js
2026-05-24 15:59:40 +0000  copying file ./public/_next/static/chunks/0i5jhmoc.9yo4.js ... 
2026-05-24 15:59:40 +0000  30287 bytes for ./public/_next/static/chunks/0i5jhmoc.9yo4.js
2026-05-24 15:59:40 +0000  copying file ./public/_next/static/chunks/0icpc1qmlcy-g.js ... 
2026-05-24 15:59:40 +0000  37619 bytes for ./public/_next/static/chunks/0icpc1qmlcy-g.js
2026-05-24 15:59:40 +0000  copying file ./public/_next/static/media/favicon.0x3dzn~oxb6tn.ico ... 
2026-05-24 15:59:40 +0000  25931 bytes for ./public/_next/static/media/favicon.0x3dzn~oxb6tn.ico
2026-05-24 15:59:40 +0000  copying file ./public/_next/static/media/1bffadaabf893a1e-s.16ipb6fqu393i.woff2 ... 
2026-05-24 15:59:40 +0000  85272 bytes for ./public/_next/static/media/1bffadaabf893a1e-s.16ipb6fqu393i.woff2
copying file ./public/_next/static/media/5476f68d60460930-s.0wxq9webf.ew4.woff2 ... 
2026-05-24 15:59:40 +0000  19044 bytes for ./public/_next/static/media/5476f68d60460930-s.0wxq9webf.ew4.woff2
2026-05-24 15:59:40 +0000  copying file ./public/_next/static/media/2c55a0e60120577a-s.0bjc5tiuqdqro.woff2 ... 
2026-05-24 15:59:40 +0000  25844 bytes for ./public/_next/static/media/2c55a0e60120577a-s.0bjc5tiuqdqro.woff2
2026-05-24 15:59:40 +0000  copying file ./public/_next/static/media/ad66f9afd8947f86-s.11u06r12fd6v_.woff2 ... 
2026-05-24 15:59:40 +0000  11272 bytes for ./public/_next/static/media/ad66f9afd8947f86-s.11u06r12fd6v_.woff2
2026-05-24 15:59:40 +0000  copying file ./public/_next/static/media/9c72aa0f40e4eef8-s.0m6w47a4e5dy9.woff2 ... 
2026-05-24 15:59:40 +0000  18744 bytes for ./public/_next/static/media/9c72aa0f40e4eef8-s.0m6w47a4e5dy9.woff2
2026-05-24 15:59:40 +0000  copying file ./public/_next/static/media/2bbe8d2671613f1f-s.067x_6k0k23tk.woff2 ... 
2026-05-24 15:59:40 +0000  10280 bytes for ./public/_next/static/media/2bbe8d2671613f1f-s.067x_6k0k23tk.woff2
2026-05-24 15:59:40 +0000  copying file ./public/_next/static/media/83afe278b6a6bb3c-s.p.0q-301v4kxxnr.woff2 ... 
2026-05-24 15:59:40 +0000  48432 bytes for ./public/_next/static/media/83afe278b6a6bb3c-s.p.0q-301v4kxxnr.woff2
2026-05-24 15:59:40 +0000  copying file ./public/__next._head.txt ... 
2026-05-24 15:59:40 +0000  1825 bytes for ./public/__next._head.txt
2026-05-24 15:59:40 +0000  copying file ./public/offline.html ... 
2026-05-24 15:59:40 +0000  12394 bytes for ./public/offline.html
2026-05-24 15:59:40 +0000  copying file ./public/library.txt ... 
2026-05-24 15:59:40 +0000  7593 bytes for ./public/library.txt
2026-05-24 15:59:40 +0000  copying file ./public/favicon.ico ... 
2026-05-24 15:59:40 +0000  25931 bytes for ./public/favicon.ico
2026-05-24 15:59:40 +0000  copying file ./public/index.html ... 
2026-05-24 15:59:40 +0000  10841 bytes for ./public/index.html
2026-05-24 15:59:40 +0000  copying file ./public/offline.txt ... 
2026-05-24 15:59:40 +0000  7593 bytes for ./public/offline.txt
2026-05-24 15:59:40 +0000  copying file ./public/admin.html ... 
2026-05-24 15:59:40 +0000  11267 bytes for ./public/admin.html
2026-05-24 15:59:40 +0000  copying file ./public/bece/__next._tree.txt ... 
2026-05-24 15:59:40 +0000  426 bytes for ./public/bece/__next._tree.txt
2026-05-24 15:59:40 +0000  copying file ./public/bece/__next._head.txt ... 
2026-05-24 15:59:40 +0000  1825 bytes for ./public/bece/__next._head.txt
2026-05-24 15:59:40 +0000  copying file ./public/bece/__next.bece.txt ... 
2026-05-24 15:59:40 +0000  525 bytes for ./public/bece/__next.bece.txt
2026-05-24 15:59:40 +0000  copying file ./public/bece/__next._full.txt ... 
2026-05-24 15:59:40 +0000  7587 bytes for ./public/bece/__next._full.txt
2026-05-24 15:59:40 +0000  copying file ./public/bece/__next._index.txt ... 
2026-05-24 15:59:40 +0000  3548 bytes for ./public/bece/__next._index.txt
2026-05-24 15:59:40 +0000  copying file ./public/bece/__next.bece.__PAGE__.txt ... 
2026-05-24 15:59:40 +0000  1024 bytes for ./public/bece/__next.bece.__PAGE__.txt
2026-05-24 15:59:40 +0000  copying file ./public/invite.txt ... 
2026-05-24 15:59:40 +0000  7591 bytes for ./public/invite.txt
2026-05-24 15:59:40 +0000  copying file ./public/file.svg ... 
2026-05-24 15:59:40 +0000  391 bytes for ./public/file.svg
2026-05-24 15:59:40 +0000  copying file ./public/driver.txt ... 
2026-05-24 15:59:40 +0000  7591 bytes for ./public/driver.txt
2026-05-24 15:59:40 +0000  copying file ./public/cordova.js ... 
2026-05-24 15:59:40 +0000  0 bytes for ./public/cordova.js
2026-05-24 15:59:40 +0000  copying file ./public/auth/link.html ... 
2026-05-24 15:59:40 +0000  11530 bytes for ./public/auth/link.html
2026-05-24 15:59:40 +0000  copying file ./public/auth/link.txt ... 
2026-05-24 15:59:40 +0000  7987 bytes for ./public/auth/link.txt
2026-05-24 15:59:40 +0000  copying file ./public/auth/callback.html ... 
2026-05-24 15:59:40 +0000  11730 bytes for ./public/auth/callback.html
2026-05-24 15:59:40 +0000  copying file ./public/auth/link/__next.auth.link.txt ... 
2026-05-24 15:59:40 +0000  525 bytes for ./public/auth/link/__next.auth.link.txt
2026-05-24 15:59:40 +0000  copying file ./public/auth/link/__next._tree.txt ... 
2026-05-24 15:59:40 +0000  494 bytes for ./public/auth/link/__next._tree.txt
2026-05-24 15:59:40 +0000  copying file ./public/auth/link/__next._head.txt ... 
2026-05-24 15:59:40 +0000  1825 bytes for ./public/auth/link/__next._head.txt
2026-05-24 15:59:40 +0000  copying file ./public/auth/link/__next._full.txt ... 
2026-05-24 15:59:40 +0000  7987 bytes for ./public/auth/link/__next._full.txt
2026-05-24 15:59:40 +0000  copying file ./public/auth/link/__next.auth.txt ... 
2026-05-24 15:59:40 +0000  525 bytes for ./public/auth/link/__next.auth.txt
2026-05-24 15:59:40 +0000  copying file ./public/auth/link/__next._index.txt ... 
2026-05-24 15:59:40 +0000  3548 bytes for ./public/auth/link/__next._index.txt
2026-05-24 15:59:40 +0000  copying file ./public/auth/link/__next.auth.link.__PAGE__.txt ... 
2026-05-24 15:59:40 +0000  1021 bytes for ./public/auth/link/__next.auth.link.__PAGE__.txt
2026-05-24 15:59:40 +0000  copying file ./public/auth/callback.txt ... 
2026-05-24 15:59:40 +0000  7998 bytes for ./public/auth/callback.txt
2026-05-24 15:59:40 +0000  copying file ./public/auth/callback/__next._tree.txt ... 
2026-05-24 15:59:40 +0000  498 bytes for ./public/auth/callback/__next._tree.txt
2026-05-24 15:59:40 +0000  copying file ./public/auth/callback/__next._head.txt ... 
2026-05-24 15:59:40 +0000  1825 bytes for ./public/auth/callback/__next._head.txt
2026-05-24 15:59:40 +0000  copying file ./public/auth/callback/__next.auth.callback.__PAGE__.txt ... 
2026-05-24 15:59:40 +0000  1024 bytes for ./public/auth/callback/__next.auth.callback.__PAGE__.txt
2026-05-24 15:59:40 +0000  copying file ./public/auth/callback/__next._full.txt ... 
2026-05-24 15:59:40 +0000  7998 bytes for ./public/auth/callback/__next._full.txt
2026-05-24 15:59:40 +0000  copying file ./public/auth/callback/__next.auth.txt ... 
2026-05-24 15:59:40 +0000  525 bytes for ./public/auth/callback/__next.auth.txt
2026-05-24 15:59:40 +0000  copying file ./public/auth/callback/__next._index.txt ... 
2026-05-24 15:59:40 +0000  3548 bytes for ./public/auth/callback/__next._index.txt
2026-05-24 15:59:40 +0000  copying file ./public/auth/callback/__next.auth.callback.txt ... 
2026-05-24 15:59:40 +0000  525 bytes for ./public/auth/callback/__next.auth.callback.txt
2026-05-24 15:59:40 +0000  copying file ./public/driver/__next._tree.txt ... 
2026-05-24 15:59:40 +0000  428 bytes for ./public/driver/__next._tree.txt
2026-05-24 15:59:40 +0000  copying file ./public/driver/__next._head.txt ... 
2026-05-24 15:59:40 +0000  1825 bytes for ./public/driver/__next._head.txt
2026-05-24 15:59:40 +0000  copying file ./public/driver/__next._full.txt ... 
2026-05-24 15:59:40 +0000  7591 bytes for ./public/driver/__next._full.txt
2026-05-24 15:59:40 +0000  copying file ./public/driver/__next._index.txt ... 
2026-05-24 15:59:40 +0000  3548 bytes for ./public/driver/__next._index.txt
2026-05-24 15:59:40 +0000  copying file ./public/driver/__next.driver.__PAGE__.txt ... 
2026-05-24 15:59:40 +0000  1024 bytes for ./public/driver/__next.driver.__PAGE__.txt
2026-05-24 15:59:40 +0000  copying file ./public/driver/__next.driver.txt ... 
2026-05-24 15:59:40 +0000  525 bytes for ./public/driver/__next.driver.txt
2026-05-24 15:59:40 +0000  copying file ./public/principal.txt ... 
2026-05-24 15:59:40 +0000  7597 bytes for ./public/principal.txt
2026-05-24 15:59:40 +0000  copying file ./public/__next._full.txt ... 
2026-05-24 15:59:40 +0000  7171 bytes for ./public/__next._full.txt
2026-05-24 15:59:40 +0000  copying file ./public/login.txt ... 
2026-05-24 15:59:40 +0000  7589 bytes for ./public/login.txt
2026-05-24 15:59:40 +0000  copying file ./public/invite.html ... 
2026-05-24 15:59:40 +0000  11236 bytes for ./public/invite.html
2026-05-24 15:59:40 +0000  copying file ./public/__next._index.txt ... 
2026-05-24 15:59:40 +0000  3548 bytes for ./public/__next._index.txt
2026-05-24 15:59:40 +0000  copying file ./public/student/__next._tree.txt ... 
2026-05-24 15:59:40 +0000  429 bytes for ./public/student/__next._tree.txt
2026-05-24 15:59:40 +0000  copying file ./public/student/__next._head.txt ... 
2026-05-24 15:59:40 +0000  1825 bytes for ./public/student/__next._head.txt
2026-05-24 15:59:40 +0000  copying file ./public/student/assignments.txt ... 
2026-05-24 15:59:40 +0000  8010 bytes for ./public/student/assignments.txt
2026-05-24 15:59:40 +0000  copying file ./public/student/__next.student.__PAGE__.txt ... 
2026-05-24 15:59:40 +0000  1024 bytes for ./public/student/__next.student.__PAGE__.txt
2026-05-24 15:59:40 +0000  copying file ./public/student/assignments/__next._tree.txt ... 
2026-05-24 15:59:40 +0000  504 bytes for ./public/student/assignments/__next._tree.txt
2026-05-24 15:59:40 +0000  copying file ./public/student/assignments/__next.student.assignments.txt ... 
2026-05-24 15:59:40 +0000  525 bytes for ./public/student/assignments/__next.student.assignments.txt
2026-05-24 15:59:40 +0000  copying file ./public/student/assignments/__next._head.txt ... 
2026-05-24 15:59:40 +0000  1825 bytes for ./public/student/assignments/__next._head.txt
2026-05-24 15:59:40 +0000  copying file ./public/student/assignments/__next._full.txt ... 
2026-05-24 15:59:40 +0000  8010 bytes for ./public/student/assignments/__next._full.txt
2026-05-24 15:59:40 +0000  copying file ./public/student/assignments/__next._index.txt ... 
2026-05-24 15:59:40 +0000  3548 bytes for ./public/student/assignments/__next._index.txt
2026-05-24 15:59:40 +0000  copying file ./public/student/assignments/__next.student.assignments.__PAGE__.txt ... 
2026-05-24 15:59:40 +0000  1024 bytes for ./public/student/assignments/__next.student.assignments.__PAGE__.txt
2026-05-24 15:59:40 +0000  copying file ./public/student/assignments/__next.student.txt ... 
2026-05-24 15:59:40 +0000  525 bytes for ./public/student/assignments/__next.student.txt
2026-05-24 15:59:40 +0000  copying file ./public/student/chat/__next._tree.txt ... 
2026-05-24 15:59:40 +0000  497 bytes for ./public/student/chat/__next._tree.txt
2026-05-24 15:59:40 +0000  copying file ./public/student/chat/__next._head.txt ... 
2026-05-24 15:59:40 +0000  1825 bytes for ./public/student/chat/__next._head.txt
2026-05-24 15:59:40 +0000  copying file ./public/student/chat/__next._full.txt ... 
2026-05-24 15:59:40 +0000  7996 bytes for ./public/student/chat/__next._full.txt
2026-05-24 15:59:40 +0000  copying file ./public/student/chat/__next._index.txt ... 
2026-05-24 15:59:40 +0000  3548 bytes for ./public/student/chat/__next._index.txt
2026-05-24 15:59:40 +0000  copying file ./public/student/chat/__next.student.chat.__PAGE__.txt ... 
2026-05-24 15:59:40 +0000  1024 bytes for ./public/student/chat/__next.student.chat.__PAGE__.txt
2026-05-24 15:59:40 +0000  copying file ./public/student/chat/__next.student.txt ... 
2026-05-24 15:59:40 +0000  525 bytes for ./public/student/chat/__next.student.txt
2026-05-24 15:59:40 +0000  copying file ./public/student/chat/__next.student.chat.txt ... 
2026-05-24 15:59:40 +0000  525 bytes for ./public/student/chat/__next.student.chat.txt
2026-05-24 15:59:40 +0000  copying file ./public/student/__next._full.txt ... 
2026-05-24 15:59:40 +0000  7593 bytes for ./public/student/__next._full.txt
2026-05-24 15:59:40 +0000  copying file ./public/student/__next._index.txt ... 
2026-05-24 15:59:40 +0000  3548 bytes for ./public/student/__next._index.txt
2026-05-24 15:59:40 +0000  copying file ./public/student/chat.txt ... 
2026-05-24 15:59:40 +0000  7996 bytes for ./public/student/chat.txt
2026-05-24 15:59:40 +0000  copying file ./public/student/__next.student.txt ... 
2026-05-24 15:59:40 +0000  525 bytes for ./public/student/__next.student.txt
2026-05-24 15:59:40 +0000  copying file ./public/student/assignments.html ... 
2026-05-24 15:59:40 +0000  11752 bytes for ./public/student/assignments.html
2026-05-24 15:59:40 +0000  copying file ./public/student/chat.html ... 
2026-05-24 15:59:40 +0000  11738 bytes for ./public/student/chat.html
2026-05-24 15:59:40 +0000  copying file ./public/driver.html ... 
2026-05-24 15:59:40 +0000  11239 bytes for ./public/driver.html
2026-05-24 15:59:40 +0000  copying file ./public/teacher.txt ... 
2026-05-24 15:59:40 +0000  7593 bytes for ./public/teacher.txt
2026-05-24 15:59:40 +0000  copying file ./public/index.txt ... 
2026-05-24 15:59:40 +0000  7171 bytes for ./public/index.txt
2026-05-24 15:59:40 +0000  copying file ./public/admin/attendance/__next._tree.txt ... 
2026-05-24 15:59:40 +0000  501 bytes for ./public/admin/attendance/__next._tree.txt
2026-05-24 15:59:40 +0000  copying file ./public/admin/attendance/__next._head.txt ... 
2026-05-24 15:59:40 +0000  1825 bytes for ./public/admin/attendance/__next._head.txt
2026-05-24 15:59:40 +0000  copying file ./public/admin/attendance/__next.admin.txt ... 
2026-05-24 15:59:40 +0000  525 bytes for ./public/admin/attendance/__next.admin.txt
2026-05-24 15:59:40 +0000  copying file ./public/admin/attendance/__next.admin.attendance.txt ... 
2026-05-24 15:59:40 +0000  525 bytes for ./public/admin/attendance/__next.admin.attendance.txt
2026-05-24 15:59:40 +0000  copying file ./public/admin/attendance/__next._full.txt ... 
2026-05-24 15:59:40 +0000  8004 bytes for ./public/admin/attendance/__next._full.txt
2026-05-24 15:59:40 +0000  copying file ./public/admin/attendance/__next._index.txt ... 
2026-05-24 15:59:40 +0000  3548 bytes for ./public/admin/attendance/__next._index.txt
2026-05-24 15:59:40 +0000  copying file ./public/admin/attendance/__next.admin.attendance.__PAGE__.txt ... 
2026-05-24 15:59:40 +0000  1024 bytes for ./public/admin/attendance/__next.admin.attendance.__PAGE__.txt
2026-05-24 15:59:40 +0000  copying file ./public/admin/fee-reports.txt ... 
2026-05-24 15:59:40 +0000  8154 bytes for ./public/admin/fee-reports.txt
2026-05-24 15:59:40 +0000  copying file ./public/admin/course-groups.txt ... 
2026-05-24 15:59:40 +0000  8157 bytes for ./public/admin/course-groups.txt
2026-05-24 15:59:40 +0000  copying file ./public/admin/__next._tree.txt ... 
2026-05-24 15:59:40 +0000  427 bytes for ./public/admin/__next._tree.txt
2026-05-24 15:59:40 +0000  copying file ./public/admin/audit-logs.html ... 
2026-05-24 15:59:40 +0000  11746 bytes for ./public/admin/audit-logs.html
2026-05-24 15:59:40 +0000  copying file ./public/admin/feed.html ... 
2026-05-24 15:59:40 +0000  11734 bytes for ./public/admin/feed.html
2026-05-24 15:59:40 +0000  copying file ./public/admin/payroll.txt ... 
2026-05-24 15:59:40 +0000  7998 bytes for ./public/admin/payroll.txt
2026-05-24 15:59:40 +0000  copying file ./public/admin/audit-logs/__next._tree.txt ... 
2026-05-24 15:59:40 +0000  501 bytes for ./public/admin/audit-logs/__next._tree.txt
2026-05-24 15:59:40 +0000  copying file ./public/admin/audit-logs/__next._head.txt ... 
2026-05-24 15:59:40 +0000  1825 bytes for ./public/admin/audit-logs/__next._head.txt
2026-05-24 15:59:40 +0000  copying file ./public/admin/audit-logs/__next.admin.audit-logs.txt ... 
2026-05-24 15:59:40 +0000  525 bytes for ./public/admin/audit-logs/__next.admin.audit-logs.txt
2026-05-24 15:59:40 +0000  copying file ./public/admin/audit-logs/__next.admin.txt ... 
2026-05-24 15:59:40 +0000  525 bytes for ./public/admin/audit-logs/__next.admin.txt
2026-05-24 15:59:40 +0000  copying file ./public/admin/audit-logs/__next._full.txt ... 
2026-05-24 15:59:40 +0000  8004 bytes for ./public/admin/audit-logs/__next._full.txt
2026-05-24 15:59:40 +0000  copying file ./public/admin/audit-logs/__next._index.txt ... 
2026-05-24 15:59:40 +0000  3548 bytes for ./public/admin/audit-logs/__next._index.txt
2026-05-24 15:59:40 +0000  copying file ./public/admin/audit-logs/__next.admin.audit-logs.__PAGE__.txt ... 
2026-05-24 15:59:40 +0000  1024 bytes for ./public/admin/audit-logs/__next.admin.audit-logs.__PAGE__.txt
2026-05-24 15:59:40 +0000  copying file ./public/admin/__next._head.txt ... 
2026-05-24 15:59:40 +0000  1825 bytes for ./public/admin/__next._head.txt
2026-05-24 15:59:40 +0000  copying file ./public/admin/settings/__next._tree.txt ... 
2026-05-24 15:59:40 +0000  499 bytes for ./public/admin/settings/__next._tree.txt
2026-05-24 15:59:40 +0000  copying file ./public/admin/settings/__next._head.txt ... 
2026-05-24 15:59:40 +0000  1825 bytes for ./public/admin/settings/__next._head.txt
2026-05-24 15:59:40 +0000  copying file ./public/admin/settings/__next.admin.txt ... 
2026-05-24 15:59:40 +0000  525 bytes for ./public/admin/settings/__next.admin.txt
2026-05-24 15:59:40 +0000  copying file ./public/admin/settings/__next._full.txt ... 
2026-05-24 15:59:40 +0000  8147 bytes for ./public/admin/settings/__next._full.txt
2026-05-24 15:59:40 +0000  copying file ./public/admin/settings/__next._index.txt ... 
2026-05-24 15:59:40 +0000  3548 bytes for ./public/admin/settings/__next._index.txt
2026-05-24 15:59:40 +0000  copying file ./public/admin/settings/__next.admin.settings.__PAGE__.txt ... 
2026-05-24 15:59:40 +0000  1150 bytes for ./public/admin/settings/__next.admin.settings.__PAGE__.txt
2026-05-24 15:59:40 +0000  copying file ./public/admin/settings/__next.admin.settings.txt ... 
2026-05-24 15:59:40 +0000  525 bytes for ./public/admin/settings/__next.admin.settings.txt
2026-05-24 15:59:40 +0000  copying file ./public/admin/data-uploads/__next._tree.txt ... 
2026-05-24 15:59:40 +0000  503 bytes for ./public/admin/data-uploads/__next._tree.txt
copying file ./public/admin/data-uploads/__next._head.txt ... 
2026-05-24 15:59:40 +0000  1825 bytes for ./public/admin/data-uploads/__next._head.txt
2026-05-24 15:59:40 +0000  copying file ./public/admin/data-uploads/__next.admin.txt ... 
2026-05-24 15:59:40 +0000  525 bytes for ./public/admin/data-uploads/__next.admin.txt
2026-05-24 15:59:40 +0000  copying file ./public/admin/data-uploads/__next._full.txt ... 
2026-05-24 15:59:40 +0000  8008 bytes for ./public/admin/data-uploads/__next._full.txt
2026-05-24 15:59:40 +0000  copying file ./public/admin/data-uploads/__next._index.txt ... 
2026-05-24 15:59:40 +0000  3548 bytes for ./public/admin/data-uploads/__next._index.txt
2026-05-24 15:59:40 +0000  copying file ./public/admin/data-uploads/__next.admin.data-uploads.__PAGE__.txt ... 
2026-05-24 15:59:40 +0000  1024 bytes for ./public/admin/data-uploads/__next.admin.data-uploads.__PAGE__.txt
copying file ./public/admin/data-uploads/__next.admin.data-uploads.txt ... 
2026-05-24 15:59:40 +0000  525 bytes for ./public/admin/data-uploads/__next.admin.data-uploads.txt
2026-05-24 15:59:40 +0000  copying file ./public/admin/online-learning.html ... 
2026-05-24 15:59:40 +0000  11991 bytes for ./public/admin/online-learning.html
2026-05-24 15:59:40 +0000  copying file ./public/admin/classes.txt ... 
2026-05-24 15:59:40 +0000  8146 bytes for ./public/admin/classes.txt
2026-05-24 15:59:40 +0000  copying file ./public/admin/staff-checkin.html ... 
2026-05-24 15:59:40 +0000  11752 bytes for ./public/admin/staff-checkin.html
2026-05-24 15:59:40 +0000  copying file ./public/admin/assessments/__next._tree.txt ... 
2026-05-24 15:59:40 +0000  502 bytes for ./public/admin/assessments/__next._tree.txt
2026-05-24 15:59:40 +0000  copying file ./public/admin/assessments/__next._head.txt ... 
2026-05-24 15:59:40 +0000  1825 bytes for ./public/admin/assessments/__next._head.txt
2026-05-24 15:59:40 +0000  copying file ./public/admin/assessments/__next.admin.txt ... 
2026-05-24 15:59:40 +0000  525 bytes for ./public/admin/assessments/__next.admin.txt
2026-05-24 15:59:40 +0000  copying file ./public/admin/assessments/__next._full.txt ... 
2026-05-24 15:59:40 +0000  8154 bytes for ./public/admin/assessments/__next._full.txt
2026-05-24 15:59:40 +0000  copying file ./public/admin/assessments/__next._index.txt ... 
2026-05-24 15:59:40 +0000  3548 bytes for ./public/admin/assessments/__next._index.txt
2026-05-24 15:59:40 +0000  copying file ./public/admin/assessments/__next.admin.assessments.__PAGE__.txt ... 
2026-05-24 15:59:40 +0000  1151 bytes for ./public/admin/assessments/__next.admin.assessments.__PAGE__.txt
2026-05-24 15:59:40 +0000  copying file ./public/admin/assessments/__next.admin.assessments.txt ... 
2026-05-24 15:59:40 +0000  525 bytes for ./public/admin/assessments/__next.admin.assessments.txt
2026-05-24 15:59:40 +0000  copying file ./public/admin/library.txt ... 
2026-05-24 15:59:40 +0000  7998 bytes for ./public/admin/library.txt
2026-05-24 15:59:40 +0000  copying file ./public/admin/grading.txt ... 
2026-05-24 15:59:40 +0000  8146 bytes for ./public/admin/grading.txt
2026-05-24 15:59:40 +0000  copying file ./public/admin/students.html ... 
2026-05-24 15:59:40 +0000  11978 bytes for ./public/admin/students.html
2026-05-24 15:59:40 +0000  copying file ./public/admin/__next.admin.txt ... 
2026-05-24 15:59:40 +0000  525 bytes for ./public/admin/__next.admin.txt
2026-05-24 15:59:40 +0000  copying file ./public/admin/transcripts/__next._tree.txt ... 
2026-05-24 15:59:40 +0000  502 bytes for ./public/admin/transcripts/__next._tree.txt
2026-05-24 15:59:40 +0000  copying file ./public/admin/transcripts/__next._head.txt ... 
2026-05-24 15:59:40 +0000  1825 bytes for ./public/admin/transcripts/__next._head.txt
2026-05-24 15:59:40 +0000  copying file ./public/admin/transcripts/__next.admin.txt ... 
2026-05-24 15:59:40 +0000  525 bytes for ./public/admin/transcripts/__next.admin.txt
2026-05-24 15:59:40 +0000  copying file ./public/admin/transcripts/__next._full.txt ... 
2026-05-24 15:59:40 +0000  8154 bytes for ./public/admin/transcripts/__next._full.txt
2026-05-24 15:59:40 +0000  copying file ./public/admin/transcripts/__next._index.txt ... 
2026-05-24 15:59:40 +0000  3548 bytes for ./public/admin/transcripts/__next._index.txt
2026-05-24 15:59:40 +0000  copying file ./public/admin/transcripts/__next.admin.transcripts.txt ... 
2026-05-24 15:59:40 +0000  525 bytes for ./public/admin/transcripts/__next.admin.transcripts.txt
2026-05-24 15:59:40 +0000  copying file ./public/admin/transcripts/__next.admin.transcripts.__PAGE__.txt ... 
2026-05-24 15:59:40 +0000  1151 bytes for ./public/admin/transcripts/__next.admin.transcripts.__PAGE__.txt
2026-05-24 15:59:40 +0000  copying file ./public/admin/grading/__next._tree.txt ... 
2026-05-24 15:59:40 +0000  498 bytes for ./public/admin/grading/__next._tree.txt
2026-05-24 15:59:40 +0000  copying file ./public/admin/grading/__next._head.txt ... 
2026-05-24 15:59:40 +0000  1825 bytes for ./public/admin/grading/__next._head.txt
2026-05-24 15:59:40 +0000  copying file ./public/admin/grading/__next.admin.grading.txt ... 
2026-05-24 15:59:40 +0000  525 bytes for ./public/admin/grading/__next.admin.grading.txt
2026-05-24 15:59:40 +0000  copying file ./public/admin/grading/__next.admin.txt ... 
2026-05-24 15:59:40 +0000  525 bytes for ./public/admin/grading/__next.admin.txt
2026-05-24 15:59:40 +0000  copying file ./public/admin/grading/__next._full.txt ... 
2026-05-24 15:59:40 +0000  8146 bytes for ./public/admin/grading/__next._full.txt
2026-05-24 15:59:40 +0000  copying file ./public/admin/grading/__next._index.txt ... 
2026-05-24 15:59:40 +0000  3548 bytes for ./public/admin/grading/__next._index.txt
2026-05-24 15:59:40 +0000  copying file ./public/admin/grading/__next.admin.grading.__PAGE__.txt ... 
2026-05-24 15:59:40 +0000  1151 bytes for ./public/admin/grading/__next.admin.grading.__PAGE__.txt
2026-05-24 15:59:40 +0000  copying file ./public/admin/calendar/__next._tree.txt ... 
2026-05-24 15:59:40 +0000  499 bytes for ./public/admin/calendar/__next._tree.txt
2026-05-24 15:59:40 +0000  copying file ./public/admin/calendar/__next._head.txt ... 
2026-05-24 15:59:40 +0000  1825 bytes for ./public/admin/calendar/__next._head.txt
2026-05-24 15:59:40 +0000  copying file ./public/admin/calendar/__next.admin.txt ... 
2026-05-24 15:59:40 +0000  525 bytes for ./public/admin/calendar/__next.admin.txt
2026-05-24 15:59:40 +0000  copying file ./public/admin/calendar/__next._full.txt ... 
2026-05-24 15:59:40 +0000  8148 bytes for ./public/admin/calendar/__next._full.txt
2026-05-24 15:59:40 +0000  copying file ./public/admin/calendar/__next._index.txt ... 
2026-05-24 15:59:40 +0000  3548 bytes for ./public/admin/calendar/__next._index.txt
2026-05-24 15:59:40 +0000  copying file ./public/admin/calendar/__next.admin.calendar.txt ... 
2026-05-24 15:59:40 +0000  525 bytes for ./public/admin/calendar/__next.admin.calendar.txt
2026-05-24 15:59:40 +0000  copying file ./public/admin/calendar/__next.admin.calendar.__PAGE__.txt ... 
2026-05-24 15:59:40 +0000  1151 bytes for ./public/admin/calendar/__next.admin.calendar.__PAGE__.txt
2026-05-24 15:59:40 +0000  copying file ./public/admin/accounts.html ... 
2026-05-24 15:59:40 +0000  11742 bytes for ./public/admin/accounts.html
2026-05-24 15:59:40 +0000  copying file ./public/admin/transport/__next._tree.txt ... 
2026-05-24 15:59:40 +0000  500 bytes for ./public/admin/transport/__next._tree.txt
2026-05-24 15:59:40 +0000  copying file ./public/admin/transport/__next._head.txt ... 
2026-05-24 15:59:40 +0000  1825 bytes for ./public/admin/transport/__next._head.txt
2026-05-24 15:59:40 +0000  copying file ./public/admin/transport/__next.admin.transport.txt ... 
2026-05-24 15:59:40 +0000  525 bytes for ./public/admin/transport/__next.admin.transport.txt
2026-05-24 15:59:40 +0000  copying file ./public/admin/transport/__next.admin.txt ... 
2026-05-24 15:59:40 +0000  525 bytes for ./public/admin/transport/__next.admin.txt
2026-05-24 15:59:40 +0000  copying file ./public/admin/transport/__next._full.txt ... 
2026-05-24 15:59:40 +0000  8150 bytes for ./public/admin/transport/__next._full.txt
2026-05-24 15:59:40 +0000  copying file ./public/admin/transport/__next._index.txt ... 
2026-05-24 15:59:40 +0000  3548 bytes for ./public/admin/transport/__next._index.txt
2026-05-24 15:59:40 +0000  copying file ./public/admin/transport/__next.admin.transport.__PAGE__.txt ... 
2026-05-24 15:59:40 +0000  1151 bytes for ./public/admin/transport/__next.admin.transport.__PAGE__.txt
2026-05-24 15:59:40 +0000  copying file ./public/admin/data-uploads.txt ... 
2026-05-24 15:59:40 +0000  8008 bytes for ./public/admin/data-uploads.txt
2026-05-24 15:59:40 +0000  copying file ./public/admin/calendar.html ... 
2026-05-24 15:59:40 +0000  11978 bytes for ./public/admin/calendar.html
2026-05-24 15:59:40 +0000  copying file ./public/admin/questions.txt ... 
2026-05-24 15:59:40 +0000  8002 bytes for ./public/admin/questions.txt
2026-05-24 15:59:40 +0000  copying file ./public/admin/excuses.txt ... 
2026-05-24 15:59:40 +0000  7998 bytes for ./public/admin/excuses.txt
2026-05-24 15:59:40 +0000  copying file ./public/admin/finance-reports.txt ... 
2026-05-24 15:59:40 +0000  8162 bytes for ./public/admin/finance-reports.txt
2026-05-24 15:59:40 +0000  copying file ./public/admin/attendance.txt ... 
2026-05-24 15:59:40 +0000  8004 bytes for ./public/admin/attendance.txt
2026-05-24 15:59:40 +0000  copying file ./public/admin/timetable.txt ... 
2026-05-24 15:59:40 +0000  8150 bytes for ./public/admin/timetable.txt
2026-05-24 15:59:40 +0000  copying file ./public/admin/interests.html ... 
2026-05-24 15:59:40 +0000  11980 bytes for ./public/admin/interests.html
2026-05-24 15:59:40 +0000  copying file ./public/admin/finance-accounts.html ... 
2026-05-24 15:59:40 +0000  11994 bytes for ./public/admin/finance-accounts.html
2026-05-24 15:59:40 +0000  copying file ./public/admin/fees/__next._tree.txt ... 
2026-05-24 15:59:40 +0000  495 bytes for ./public/admin/fees/__next._tree.txt
2026-05-24 15:59:40 +0000  copying file ./public/admin/fees/__next._head.txt ... 
2026-05-24 15:59:40 +0000  1825 bytes for ./public/admin/fees/__next._head.txt
2026-05-24 15:59:40 +0000  copying file ./public/admin/fees/__next.admin.fees.__PAGE__.txt ... 
2026-05-24 15:59:40 +0000  1024 bytes for ./public/admin/fees/__next.admin.fees.__PAGE__.txt
2026-05-24 15:59:40 +0000  copying file ./public/admin/fees/__next.admin.txt ... 
2026-05-24 15:59:40 +0000  525 bytes for ./public/admin/fees/__next.admin.txt
2026-05-24 15:59:40 +0000  copying file ./public/admin/fees/__next._full.txt ... 
2026-05-24 15:59:40 +0000  7992 bytes for ./public/admin/fees/__next._full.txt
2026-05-24 15:59:40 +0000  copying file ./public/admin/fees/__next._index.txt ... 
2026-05-24 15:59:40 +0000  3548 bytes for ./public/admin/fees/__next._index.txt
2026-05-24 15:59:40 +0000  copying file ./public/admin/fees/__next.admin.fees.txt ... 
2026-05-24 15:59:40 +0000  525 bytes for ./public/admin/fees/__next.admin.fees.txt
2026-05-24 15:59:40 +0000  copying file ./public/admin/guardians.html ... 
2026-05-24 15:59:40 +0000  11980 bytes for ./public/admin/guardians.html
2026-05-24 15:59:40 +0000  copying file ./public/admin/families.txt ... 
2026-05-24 15:59:40 +0000  8148 bytes for ./public/admin/families.txt
2026-05-24 15:59:40 +0000  copying file ./public/admin/enquiries.txt ... 
2026-05-24 15:59:40 +0000  8150 bytes for ./public/admin/enquiries.txt
2026-05-24 15:59:40 +0000  copying file ./public/admin/canteen-module.txt ... 
2026-05-24 15:59:40 +0000  8160 bytes for ./public/admin/canteen-module.txt
2026-05-24 15:59:40 +0000  copying file ./public/admin/settlements.html ... 
2026-05-24 15:59:40 +0000  11748 bytes for ./public/admin/settlements.html
2026-05-24 15:59:40 +0000  copying file ./public/admin/excuses.html ... 
2026-05-24 15:59:40 +0000  11740 bytes for ./public/admin/excuses.html
2026-05-24 15:59:40 +0000  copying file ./public/admin/employees.html ... 
2026-05-24 15:59:40 +0000  11980 bytes for ./public/admin/employees.html
2026-05-24 15:59:40 +0000  copying file ./public/admin/fee-reports.html ... 
2026-05-24 15:59:40 +0000  11984 bytes for ./public/admin/fee-reports.html
2026-05-24 15:59:40 +0000  copying file ./public/admin/feed.txt ... 
2026-05-24 15:59:40 +0000  7992 bytes for ./public/admin/feed.txt
2026-05-24 15:59:40 +0000  copying file ./public/admin/classes/__next._tree.txt ... 
2026-05-24 15:59:40 +0000  498 bytes for ./public/admin/classes/__next._tree.txt
2026-05-24 15:59:40 +0000  copying file ./public/admin/classes/__next._head.txt ... 
2026-05-24 15:59:40 +0000  1825 bytes for ./public/admin/classes/__next._head.txt
2026-05-24 15:59:40 +0000  copying file ./public/admin/classes/__next.admin.classes.txt ... 
2026-05-24 15:59:40 +0000  525 bytes for ./public/admin/classes/__next.admin.classes.txt
2026-05-24 15:59:40 +0000  copying file ./public/admin/classes/__next.admin.txt ... 
2026-05-24 15:59:40 +0000  525 bytes for ./public/admin/classes/__next.admin.txt
2026-05-24 15:59:40 +0000  copying file ./public/admin/classes/__next.admin.classes.__PAGE__.txt ... 
2026-05-24 15:59:40 +0000  1151 bytes for ./public/admin/classes/__next.admin.classes.__PAGE__.txt
2026-05-24 15:59:40 +0000  copying file ./public/admin/classes/__next._full.txt ... 
2026-05-24 15:59:40 +0000  8146 bytes for ./public/admin/classes/__next._full.txt
2026-05-24 15:59:40 +0000  copying file ./public/admin/classes/__next._index.txt ... 
2026-05-24 15:59:40 +0000  3548 bytes for ./public/admin/classes/__next._index.txt
2026-05-24 15:59:40 +0000  copying file ./public/admin/fees.txt ... 
2026-05-24 15:59:40 +0000  7992 bytes for ./public/admin/fees.txt
2026-05-24 15:59:40 +0000  copying file ./public/admin/canteen.html ... 
2026-05-24 15:59:40 +0000  11740 bytes for ./public/admin/canteen.html
2026-05-24 15:59:40 +0000  copying file ./public/admin/staff-checkin/__next._tree.txt ... 
2026-05-24 15:59:40 +0000  504 bytes for ./public/admin/staff-checkin/__next._tree.txt
2026-05-24 15:59:40 +0000  copying file ./public/admin/staff-checkin/__next._head.txt ... 
2026-05-24 15:59:40 +0000  1825 bytes for ./public/admin/staff-checkin/__next._head.txt
2026-05-24 15:59:40 +0000  copying file ./public/admin/staff-checkin/__next.admin.txt ... 
2026-05-24 15:59:40 +0000  525 bytes for ./public/admin/staff-checkin/__next.admin.txt
2026-05-24 15:59:40 +0000  copying file ./public/admin/staff-checkin/__next.admin.staff-checkin.txt ... 
2026-05-24 15:59:40 +0000  525 bytes for ./public/admin/staff-checkin/__next.admin.staff-checkin.txt
2026-05-24 15:59:40 +0000  copying file ./public/admin/staff-checkin/__next._full.txt ... 
2026-05-24 15:59:40 +0000  8010 bytes for ./public/admin/staff-checkin/__next._full.txt
2026-05-24 15:59:40 +0000  copying file ./public/admin/staff-checkin/__next._index.txt ... 
2026-05-24 15:59:40 +0000  3548 bytes for ./public/admin/staff-checkin/__next._index.txt
2026-05-24 15:59:40 +0000  copying file ./public/admin/staff-checkin/__next.admin.staff-checkin.__PAGE__.txt ... 
2026-05-24 15:59:40 +0000  1024 bytes for ./public/admin/staff-checkin/__next.admin.staff-checkin.__PAGE__.txt
2026-05-24 15:59:40 +0000  copying file ./public/admin/finance-reports/__next.admin.finance-reports.__PAGE__.txt ... 
2026-05-24 15:59:40 +0000  1151 bytes for ./public/admin/finance-reports/__next.admin.finance-reports.__PAGE__.txt
2026-05-24 15:59:40 +0000  copying file ./public/admin/finance-reports/__next._tree.txt ... 
2026-05-24 15:59:40 +0000  506 bytes for ./public/admin/finance-reports/__next._tree.txt
2026-05-24 15:59:40 +0000  copying file ./public/admin/finance-reports/__next._head.txt ... 
2026-05-24 15:59:40 +0000  1825 bytes for ./public/admin/finance-reports/__next._head.txt
2026-05-24 15:59:40 +0000  copying file ./public/admin/finance-reports/__next.admin.txt ... 
2026-05-24 15:59:40 +0000  525 bytes for ./public/admin/finance-reports/__next.admin.txt
2026-05-24 15:59:40 +0000  copying file ./public/admin/finance-reports/__next.admin.finance-reports.txt ... 
2026-05-24 15:59:40 +0000  525 bytes for ./public/admin/finance-reports/__next.admin.finance-reports.txt
copying file ./public/admin/finance-reports/__next._full.txt ... 
2026-05-24 15:59:40 +0000  8162 bytes for ./public/admin/finance-reports/__next._full.txt
2026-05-24 15:59:40 +0000  copying file ./public/admin/finance-reports/__next._index.txt ... 
2026-05-24 15:59:40 +0000  3548 bytes for ./public/admin/finance-reports/__next._index.txt
2026-05-24 15:59:40 +0000  copying file ./public/admin/__next.admin.__PAGE__.txt ... 
2026-05-24 15:59:40 +0000  1024 bytes for ./public/admin/__next.admin.__PAGE__.txt
2026-05-24 15:59:40 +0000  copying file ./public/admin/assessments.html ... 
2026-05-24 15:59:40 +0000  11984 bytes for ./public/admin/assessments.html
2026-05-24 15:59:40 +0000  copying file ./public/admin/settlements/__next.admin.settlements.txt ... 
2026-05-24 15:59:40 +0000  525 bytes for ./public/admin/settlements/__next.admin.settlements.txt
2026-05-24 15:59:40 +0000  copying file ./public/admin/settlements/__next._tree.txt ... 
2026-05-24 15:59:40 +0000  502 bytes for ./public/admin/settlements/__next._tree.txt
2026-05-24 15:59:40 +0000  copying file ./public/admin/settlements/__next._head.txt ... 
2026-05-24 15:59:40 +0000  1825 bytes for ./public/admin/settlements/__next._head.txt
2026-05-24 15:59:40 +0000  copying file ./public/admin/settlements/__next.admin.txt ... 
2026-05-24 15:59:40 +0000  525 bytes for ./public/admin/settlements/__next.admin.txt
2026-05-24 15:59:40 +0000  copying file ./public/admin/settlements/__next._full.txt ... 
2026-05-24 15:59:40 +0000  8006 bytes for ./public/admin/settlements/__next._full.txt
2026-05-24 15:59:40 +0000  copying file ./public/admin/settlements/__next._index.txt ... 
2026-05-24 15:59:40 +0000  3548 bytes for ./public/admin/settlements/__next._index.txt
2026-05-24 15:59:40 +0000  copying file ./public/admin/settlements/__next.admin.settlements.__PAGE__.txt ... 
2026-05-24 15:59:40 +0000  1024 bytes for ./public/admin/settlements/__next.admin.settlements.__PAGE__.txt
2026-05-24 15:59:40 +0000  copying file ./public/admin/finance-payments.html ... 
2026-05-24 15:59:40 +0000  11994 bytes for ./public/admin/finance-payments.html
2026-05-24 15:59:40 +0000  copying file ./public/admin/__next._full.txt ... 
2026-05-24 15:59:40 +0000  7589 bytes for ./public/admin/__next._full.txt
2026-05-24 15:59:40 +0000  copying file ./public/admin/canteen/__next._tree.txt ... 
2026-05-24 15:59:40 +0000  498 bytes for ./public/admin/canteen/__next._tree.txt
2026-05-24 15:59:40 +0000  copying file ./public/admin/canteen/__next._head.txt ... 
2026-05-24 15:59:40 +0000  1825 bytes for ./public/admin/canteen/__next._head.txt
2026-05-24 15:59:40 +0000  copying file ./public/admin/canteen/__next.admin.txt ... 
2026-05-24 15:59:40 +0000  525 bytes for ./public/admin/canteen/__next.admin.txt
2026-05-24 15:59:40 +0000  copying file ./public/admin/canteen/__next._full.txt ... 
2026-05-24 15:59:40 +0000  7998 bytes for ./public/admin/canteen/__next._full.txt
2026-05-24 15:59:40 +0000  copying file ./public/admin/canteen/__next._index.txt ... 
2026-05-24 15:59:40 +0000  3548 bytes for ./public/admin/canteen/__next._index.txt
2026-05-24 15:59:40 +0000  copying file ./public/admin/canteen/__next.admin.canteen.txt ... 
2026-05-24 15:59:40 +0000  525 bytes for ./public/admin/canteen/__next.admin.canteen.txt
2026-05-24 15:59:40 +0000  copying file ./public/admin/canteen/__next.admin.canteen.__PAGE__.txt ... 
2026-05-24 15:59:40 +0000  1024 bytes for ./public/admin/canteen/__next.admin.canteen.__PAGE__.txt
2026-05-24 15:59:40 +0000  copying file ./public/admin/chats.txt ... 
2026-05-24 15:59:40 +0000  7994 bytes for ./public/admin/chats.txt
2026-05-24 15:59:40 +0000  copying file ./public/admin/smart-reports.txt ... 
2026-05-24 15:59:40 +0000  8158 bytes for ./public/admin/smart-reports.txt
2026-05-24 15:59:40 +0000  copying file ./public/admin/__next._index.txt ... 
2026-05-24 15:59:40 +0000  3548 bytes for ./public/admin/__next._index.txt
2026-05-24 15:59:40 +0000  copying file ./public/admin/employees.txt ... 
2026-05-24 15:59:40 +0000  8150 bytes for ./public/admin/employees.txt
2026-05-24 15:59:40 +0000  copying file ./public/admin/attendance.html ... 
2026-05-24 15:59:40 +0000  11746 bytes for ./public/admin/attendance.html
2026-05-24 15:59:40 +0000  copying file ./public/admin/transport.html ... 
2026-05-24 15:59:40 +0000  11980 bytes for ./public/admin/transport.html
2026-05-24 15:59:40 +0000  copying file ./public/admin/audit-logs.txt ... 
2026-05-24 15:59:40 +0000  8004 bytes for ./public/admin/audit-logs.txt
2026-05-24 15:59:40 +0000  copying file ./public/admin/library.html ... 
2026-05-24 15:59:40 +0000  11740 bytes for ./public/admin/library.html
2026-05-24 15:59:40 +0000  copying file ./public/admin/finance-payments/__next._tree.txt ... 
2026-05-24 15:59:40 +0000  507 bytes for ./public/admin/finance-payments/__next._tree.txt
2026-05-24 15:59:40 +0000  copying file ./public/admin/finance-payments/__next._head.txt ... 
2026-05-24 15:59:40 +0000  1825 bytes for ./public/admin/finance-payments/__next._head.txt
2026-05-24 15:59:40 +0000  copying file ./public/admin/finance-payments/__next.admin.txt ... 
2026-05-24 15:59:40 +0000  525 bytes for ./public/admin/finance-payments/__next.admin.txt
2026-05-24 15:59:40 +0000  copying file ./public/admin/finance-payments/__next._full.txt ... 
2026-05-24 15:59:40 +0000  8164 bytes for ./public/admin/finance-payments/__next._full.txt
2026-05-24 15:59:40 +0000  copying file ./public/admin/finance-payments/__next._index.txt ... 
2026-05-24 15:59:40 +0000  3548 bytes for ./public/admin/finance-payments/__next._index.txt
2026-05-24 15:59:40 +0000  copying file ./public/admin/finance-payments/__next.admin.finance-payments.txt ... 
2026-05-24 15:59:40 +0000  525 bytes for ./public/admin/finance-payments/__next.admin.finance-payments.txt
2026-05-24 15:59:40 +0000  copying file ./public/admin/finance-payments/__next.admin.finance-payments.__PAGE__.txt ... 
2026-05-24 15:59:40 +0000  1151 bytes for ./public/admin/finance-payments/__next.admin.finance-payments.__PAGE__.txt
2026-05-24 15:59:40 +0000  copying file ./public/admin/hr-settings.txt ... 
2026-05-24 15:59:40 +0000  8154 bytes for ./public/admin/hr-settings.txt
2026-05-24 15:59:40 +0000  copying file ./public/admin/canteen.txt ... 
2026-05-24 15:59:40 +0000  7998 bytes for ./public/admin/canteen.txt
2026-05-24 15:59:40 +0000  copying file ./public/admin/settings.txt ... 
2026-05-24 15:59:40 +0000  8147 bytes for ./public/admin/settings.txt
2026-05-24 15:59:40 +0000  copying file ./public/admin/students.txt ... 
2026-05-24 15:59:40 +0000  8148 bytes for ./public/admin/students.txt
2026-05-24 15:59:40 +0000  copying file ./public/admin/payroll.html ... 
2026-05-24 15:59:40 +0000  11740 bytes for ./public/admin/payroll.html
2026-05-24 15:59:40 +0000  copying file ./public/admin/online-learning/__next._tree.txt ... 
2026-05-24 15:59:40 +0000  506 bytes for ./public/admin/online-learning/__next._tree.txt
2026-05-24 15:59:40 +0000  copying file ./public/admin/online-learning/__next._head.txt ... 
2026-05-24 15:59:40 +0000  1825 bytes for ./public/admin/online-learning/__next._head.txt
2026-05-24 15:59:40 +0000  copying file ./public/admin/online-learning/__next.admin.txt ... 
2026-05-24 15:59:40 +0000  525 bytes for ./public/admin/online-learning/__next.admin.txt
2026-05-24 15:59:40 +0000  copying file ./public/admin/online-learning/__next._full.txt ... 
2026-05-24 15:59:40 +0000  8161 bytes for ./public/admin/online-learning/__next._full.txt
2026-05-24 15:59:40 +0000  copying file ./public/admin/online-learning/__next._index.txt ... 
2026-05-24 15:59:40 +0000  3548 bytes for ./public/admin/online-learning/__next._index.txt
2026-05-24 15:59:40 +0000  copying file ./public/admin/online-learning/__next.admin.online-learning.txt ... 
2026-05-24 15:59:40 +0000  525 bytes for ./public/admin/online-learning/__next.admin.online-learning.txt
2026-05-24 15:59:40 +0000  copying file ./public/admin/online-learning/__next.admin.online-learning.__PAGE__.txt ... 
2026-05-24 15:59:40 +0000  1150 bytes for ./public/admin/online-learning/__next.admin.online-learning.__PAGE__.txt
2026-05-24 15:59:40 +0000  copying file ./public/admin/canteen-module.html ... 
2026-05-24 15:59:40 +0000  11990 bytes for ./public/admin/canteen-module.html
2026-05-24 15:59:40 +0000  copying file ./public/admin/messaging.txt ... 
2026-05-24 15:59:40 +0000  8150 bytes for ./public/admin/messaging.txt
2026-05-24 15:59:40 +0000  copying file ./public/admin/announcements/__next._tree.txt ... 
2026-05-24 15:59:40 +0000  504 bytes for ./public/admin/announcements/__next._tree.txt
2026-05-24 15:59:40 +0000  copying file ./public/admin/announcements/__next._head.txt ... 
2026-05-24 15:59:40 +0000  1825 bytes for ./public/admin/announcements/__next._head.txt
2026-05-24 15:59:40 +0000  copying file ./public/admin/announcements/__next.admin.txt ... 
2026-05-24 15:59:40 +0000  525 bytes for ./public/admin/announcements/__next.admin.txt
2026-05-24 15:59:40 +0000  copying file ./public/admin/announcements/__next.admin.announcements.__PAGE__.txt ... 
2026-05-24 15:59:40 +0000  1024 bytes for ./public/admin/announcements/__next.admin.announcements.__PAGE__.txt
2026-05-24 15:59:40 +0000  copying file ./public/admin/announcements/__next._full.txt ... 
2026-05-24 15:59:40 +0000  8010 bytes for ./public/admin/announcements/__next._full.txt
2026-05-24 15:59:40 +0000  copying file ./public/admin/announcements/__next._index.txt ... 
2026-05-24 15:59:40 +0000  3548 bytes for ./public/admin/announcements/__next._index.txt
2026-05-24 15:59:40 +0000  copying file ./public/admin/announcements/__next.admin.announcements.txt ... 
2026-05-24 15:59:40 +0000  525 bytes for ./public/admin/announcements/__next.admin.announcements.txt
2026-05-24 15:59:40 +0000  copying file ./public/admin/library/__next._tree.txt ... 
2026-05-24 15:59:40 +0000  498 bytes for ./public/admin/library/__next._tree.txt
2026-05-24 15:59:40 +0000  copying file ./public/admin/library/__next.admin.library.__PAGE__.txt ... 
2026-05-24 15:59:40 +0000  1024 bytes for ./public/admin/library/__next.admin.library.__PAGE__.txt
2026-05-24 15:59:40 +0000  copying file ./public/admin/library/__next._head.txt ... 
2026-05-24 15:59:40 +0000  1825 bytes for ./public/admin/library/__next._head.txt
2026-05-24 15:59:40 +0000  copying file ./public/admin/library/__next.admin.library.txt ... 
2026-05-24 15:59:40 +0000  525 bytes for ./public/admin/library/__next.admin.library.txt
2026-05-24 15:59:40 +0000  copying file ./public/admin/library/__next.admin.txt ... 
2026-05-24 15:59:40 +0000  525 bytes for ./public/admin/library/__next.admin.txt
2026-05-24 15:59:40 +0000  copying file ./public/admin/library/__next._full.txt ... 
2026-05-24 15:59:40 +0000  7998 bytes for ./public/admin/library/__next._full.txt
2026-05-24 15:59:40 +0000  copying file ./public/admin/library/__next._index.txt ... 
2026-05-24 15:59:40 +0000  3548 bytes for ./public/admin/library/__next._index.txt
2026-05-24 15:59:40 +0000  copying file ./public/admin/import.txt ... 
2026-05-24 15:59:40 +0000  7996 bytes for ./public/admin/import.txt
2026-05-24 15:59:40 +0000  copying file ./public/admin/reports.txt ... 
2026-05-24 15:59:40 +0000  8146 bytes for ./public/admin/reports.txt
2026-05-24 15:59:40 +0000  copying file ./public/admin/hr-settings.html ... 
2026-05-24 15:59:40 +0000  11984 bytes for ./public/admin/hr-settings.html
2026-05-24 15:59:40 +0000  copying file ./public/admin/announcements.html ... 
2026-05-24 15:59:40 +0000  11752 bytes for ./public/admin/announcements.html
2026-05-24 15:59:40 +0000  copying file ./public/admin/hr-settings/__next._tree.txt ... 
2026-05-24 15:59:40 +0000  502 bytes for ./public/admin/hr-settings/__next._tree.txt
2026-05-24 15:59:40 +0000  copying file ./public/admin/hr-settings/__next._head.txt ... 
2026-05-24 15:59:40 +0000  1825 bytes for ./public/admin/hr-settings/__next._head.txt
2026-05-24 15:59:40 +0000  copying file ./public/admin/hr-settings/__next.admin.txt ... 
2026-05-24 15:59:40 +0000  525 bytes for ./public/admin/hr-settings/__next.admin.txt
2026-05-24 15:59:40 +0000  copying file ./public/admin/hr-settings/__next._full.txt ... 
2026-05-24 15:59:40 +0000  8154 bytes for ./public/admin/hr-settings/__next._full.txt
2026-05-24 15:59:40 +0000  copying file ./public/admin/hr-settings/__next._index.txt ... 
2026-05-24 15:59:40 +0000  3548 bytes for ./public/admin/hr-settings/__next._index.txt
2026-05-24 15:59:40 +0000  copying file ./public/admin/hr-settings/__next.admin.hr-settings.__PAGE__.txt ... 
2026-05-24 15:59:40 +0000  1151 bytes for ./public/admin/hr-settings/__next.admin.hr-settings.__PAGE__.txt
2026-05-24 15:59:40 +0000  copying file ./public/admin/hr-settings/__next.admin.hr-settings.txt ... 
2026-05-24 15:59:40 +0000  525 bytes for ./public/admin/hr-settings/__next.admin.hr-settings.txt
2026-05-24 15:59:40 +0000  copying file ./public/admin/online-learning.txt ... 
2026-05-24 15:59:40 +0000  8161 bytes for ./public/admin/online-learning.txt
2026-05-24 15:59:40 +0000  copying file ./public/admin/discount.txt ... 
2026-05-24 15:59:40 +0000  8148 bytes for ./public/admin/discount.txt
2026-05-24 15:59:40 +0000  copying file ./public/admin/gate.txt ... 
2026-05-24 15:59:40 +0000  7992 bytes for ./public/admin/gate.txt
2026-05-24 15:59:40 +0000  copying file ./public/admin/assessments.txt ... 
2026-05-24 15:59:40 +0000  8154 bytes for ./public/admin/assessments.txt
2026-05-24 15:59:40 +0000  copying file ./public/admin/discount/__next.admin.discount.__PAGE__.txt ... 
2026-05-24 15:59:40 +0000  1151 bytes for ./public/admin/discount/__next.admin.discount.__PAGE__.txt
2026-05-24 15:59:40 +0000  copying file ./public/admin/discount/__next._tree.txt ... 
2026-05-24 15:59:40 +0000  499 bytes for ./public/admin/discount/__next._tree.txt
2026-05-24 15:59:40 +0000  copying file ./public/admin/discount/__next._head.txt ... 
2026-05-24 15:59:40 +0000  1825 bytes for ./public/admin/discount/__next._head.txt
2026-05-24 15:59:40 +0000  copying file ./public/admin/discount/__next.admin.txt ... 
2026-05-24 15:59:40 +0000  525 bytes for ./public/admin/discount/__next.admin.txt
2026-05-24 15:59:40 +0000  copying file ./public/admin/discount/__next._full.txt ... 
2026-05-24 15:59:40 +0000  8148 bytes for ./public/admin/discount/__next._full.txt
2026-05-24 15:59:40 +0000  copying file ./public/admin/discount/__next._index.txt ... 
2026-05-24 15:59:40 +0000  3548 bytes for ./public/admin/discount/__next._index.txt
2026-05-24 15:59:40 +0000  copying file ./public/admin/discount/__next.admin.discount.txt ... 
2026-05-24 15:59:40 +0000  525 bytes for ./public/admin/discount/__next.admin.discount.txt
2026-05-24 15:59:40 +0000  copying file ./public/admin/staff-checkin.txt ... 
2026-05-24 15:59:40 +0000  8010 bytes for ./public/admin/staff-checkin.txt
2026-05-24 15:59:40 +0000  copying file ./public/admin/smart-reports.html ... 
2026-05-24 15:59:40 +0000  11988 bytes for ./public/admin/smart-reports.html
2026-05-24 15:59:40 +0000  copying file ./public/admin/excuses/__next._tree.txt ... 
2026-05-24 15:59:40 +0000  498 bytes for ./public/admin/excuses/__next._tree.txt
2026-05-24 15:59:40 +0000  copying file ./public/admin/excuses/__next._head.txt ... 
2026-05-24 15:59:40 +0000  1825 bytes for ./public/admin/excuses/__next._head.txt
2026-05-24 15:59:40 +0000  copying file ./public/admin/excuses/__next.admin.txt ... 
2026-05-24 15:59:40 +0000  525 bytes for ./public/admin/excuses/__next.admin.txt
2026-05-24 15:59:40 +0000  copying file ./public/admin/excuses/__next.admin.excuses.txt ... 
2026-05-24 15:59:40 +0000  525 bytes for ./public/admin/excuses/__next.admin.excuses.txt
2026-05-24 15:59:40 +0000  copying file ./public/admin/excuses/__next.admin.excuses.__PAGE__.txt ... 
2026-05-24 15:59:40 +0000  1024 bytes for ./public/admin/excuses/__next.admin.excuses.__PAGE__.txt
2026-05-24 15:59:40 +0000  copying file ./public/admin/excuses/__next._full.txt ... 
2026-05-24 15:59:40 +0000  7998 bytes for ./public/admin/excuses/__next._full.txt
2026-05-24 15:59:40 +0000  copying file ./public/admin/excuses/__next._index.txt ... 
2026-05-24 15:59:40 +0000  3548 bytes for ./public/admin/excuses/__next._index.txt
2026-05-24 15:59:40 +0000  copying file ./public/admin/students/__next._tree.txt ... 
2026-05-24 15:59:40 +0000  499 bytes for ./public/admin/students/__next._tree.txt
2026-05-24 15:59:40 +0000  copying file ./public/admin/students/__next._head.txt ... 
2026-05-24 15:59:40 +0000  1825 bytes for ./public/admin/students/__next._head.txt
2026-05-24 15:59:40 +0000  copying file ./public/admin/students/__next.admin.txt ... 
2026-05-24 15:59:40 +0000  525 bytes for ./public/admin/students/__next.admin.txt
2026-05-24 15:59:40 +0000  copying file ./public/admin/students/__next._full.txt ... 
2026-05-24 15:59:40 +0000  8148 bytes for ./public/admin/students/__next._full.txt
2026-05-24 15:59:40 +0000  copying file ./public/admin/students/__next._index.txt ... 
2026-05-24 15:59:40 +0000  3548 bytes for ./public/admin/students/__next._index.txt
2026-05-24 15:59:40 +0000  copying file ./public/admin/students/__next.admin.students.__PAGE__.txt ... 
2026-05-24 15:59:40 +0000  1151 bytes for ./public/admin/students/__next.admin.students.__PAGE__.txt
2026-05-24 15:59:40 +0000  copying file ./public/admin/students/__next.admin.students.txt ... 
2026-05-24 15:59:40 +0000  525 bytes for ./public/admin/students/__next.admin.students.txt
2026-05-24 15:59:40 +0000  copying file ./public/admin/guardians.txt ... 
2026-05-24 15:59:40 +0000  8150 bytes for ./public/admin/guardians.txt
2026-05-24 15:59:40 +0000  copying file ./public/admin/questions.html ... 
2026-05-24 15:59:40 +0000  11744 bytes for ./public/admin/questions.html
2026-05-24 15:59:40 +0000  copying file ./public/admin/fee-billing/__next._tree.txt ... 
2026-05-24 15:59:40 +0000  502 bytes for ./public/admin/fee-billing/__next._tree.txt
2026-05-24 15:59:40 +0000  copying file ./public/admin/fee-billing/__next._head.txt ... 
2026-05-24 15:59:40 +0000  1825 bytes for ./public/admin/fee-billing/__next._head.txt
2026-05-24 15:59:40 +0000  copying file ./public/admin/fee-billing/__next.admin.txt ... 
2026-05-24 15:59:40 +0000  525 bytes for ./public/admin/fee-billing/__next.admin.txt
2026-05-24 15:59:40 +0000  copying file ./public/admin/fee-billing/__next._full.txt ... 
2026-05-24 15:59:40 +0000  8154 bytes for ./public/admin/fee-billing/__next._full.txt
2026-05-24 15:59:40 +0000  copying file ./public/admin/fee-billing/__next._index.txt ... 
2026-05-24 15:59:40 +0000  3548 bytes for ./public/admin/fee-billing/__next._index.txt
2026-05-24 15:59:40 +0000  copying file ./public/admin/fee-billing/__next.admin.fee-billing.txt ... 
2026-05-24 15:59:40 +0000  525 bytes for ./public/admin/fee-billing/__next.admin.fee-billing.txt
2026-05-24 15:59:40 +0000  copying file ./public/admin/fee-billing/__next.admin.fee-billing.__PAGE__.txt ... 
2026-05-24 15:59:40 +0000  1151 bytes for ./public/admin/fee-billing/__next.admin.fee-billing.__PAGE__.txt
2026-05-24 15:59:40 +0000  copying file ./public/admin/fee-reports/__next._tree.txt ... 
2026-05-24 15:59:40 +0000  502 bytes for ./public/admin/fee-reports/__next._tree.txt
2026-05-24 15:59:40 +0000  copying file ./public/admin/fee-reports/__next._head.txt ... 
2026-05-24 15:59:40 +0000  1825 bytes for ./public/admin/fee-reports/__next._head.txt
2026-05-24 15:59:40 +0000  copying file ./public/admin/fee-reports/__next.admin.txt ... 
2026-05-24 15:59:40 +0000  525 bytes for ./public/admin/fee-reports/__next.admin.txt
2026-05-24 15:59:40 +0000  copying file ./public/admin/fee-reports/__next._full.txt ... 
2026-05-24 15:59:40 +0000  8154 bytes for ./public/admin/fee-reports/__next._full.txt
2026-05-24 15:59:40 +0000  copying file ./public/admin/fee-reports/__next._index.txt ... 
2026-05-24 15:59:40 +0000  3548 bytes for ./public/admin/fee-reports/__next._index.txt
2026-05-24 15:59:40 +0000  copying file ./public/admin/fee-reports/__next.admin.fee-reports.__PAGE__.txt ... 
2026-05-24 15:59:40 +0000  1151 bytes for ./public/admin/fee-reports/__next.admin.fee-reports.__PAGE__.txt
2026-05-24 15:59:40 +0000  copying file ./public/admin/fee-reports/__next.admin.fee-reports.txt ... 
2026-05-24 15:59:40 +0000  525 bytes for ./public/admin/fee-reports/__next.admin.fee-reports.txt
2026-05-24 15:59:40 +0000  copying file ./public/admin/guardians/__next._tree.txt ... 
2026-05-24 15:59:40 +0000  500 bytes for ./public/admin/guardians/__next._tree.txt
2026-05-24 15:59:40 +0000  copying file ./public/admin/guardians/__next._head.txt ... 
2026-05-24 15:59:40 +0000  1825 bytes for ./public/admin/guardians/__next._head.txt
2026-05-24 15:59:40 +0000  copying file ./public/admin/guardians/__next.admin.txt ... 
2026-05-24 15:59:40 +0000  525 bytes for ./public/admin/guardians/__next.admin.txt
2026-05-24 15:59:40 +0000  copying file ./public/admin/guardians/__next.admin.guardians.txt ... 
2026-05-24 15:59:40 +0000  525 bytes for ./public/admin/guardians/__next.admin.guardians.txt
2026-05-24 15:59:40 +0000  copying file ./public/admin/guardians/__next._full.txt ... 
2026-05-24 15:59:40 +0000  8150 bytes for ./public/admin/guardians/__next._full.txt
2026-05-24 15:59:40 +0000  copying file ./public/admin/guardians/__next.admin.guardians.__PAGE__.txt ... 
2026-05-24 15:59:40 +0000  1151 bytes for ./public/admin/guardians/__next.admin.guardians.__PAGE__.txt
2026-05-24 15:59:40 +0000  copying file ./public/admin/guardians/__next._index.txt ... 
2026-05-24 15:59:40 +0000  3548 bytes for ./public/admin/guardians/__next._index.txt
2026-05-24 15:59:40 +0000  copying file ./public/admin/accounts/__next._tree.txt ... 
2026-05-24 15:59:40 +0000  499 bytes for ./public/admin/accounts/__next._tree.txt
2026-05-24 15:59:40 +0000  copying file ./public/admin/accounts/__next._head.txt ... 
2026-05-24 15:59:40 +0000  1825 bytes for ./public/admin/accounts/__next._head.txt
2026-05-24 15:59:40 +0000  copying file ./public/admin/accounts/__next.admin.txt ... 
2026-05-24 15:59:40 +0000  525 bytes for ./public/admin/accounts/__next.admin.txt
2026-05-24 15:59:40 +0000  copying file ./public/admin/accounts/__next._full.txt ... 
2026-05-24 15:59:40 +0000  8000 bytes for ./public/admin/accounts/__next._full.txt
2026-05-24 15:59:40 +0000  copying file ./public/admin/accounts/__next.admin.accounts.txt ... 
2026-05-24 15:59:40 +0000  525 bytes for ./public/admin/accounts/__next.admin.accounts.txt
2026-05-24 15:59:40 +0000  copying file ./public/admin/accounts/__next._index.txt ... 
2026-05-24 15:59:40 +0000  3548 bytes for ./public/admin/accounts/__next._index.txt
2026-05-24 15:59:40 +0000  copying file ./public/admin/accounts/__next.admin.accounts.__PAGE__.txt ... 
2026-05-24 15:59:40 +0000  1024 bytes for ./public/admin/accounts/__next.admin.accounts.__PAGE__.txt
2026-05-24 15:59:40 +0000  copying file ./public/admin/timetable.html ... 
2026-05-24 15:59:40 +0000  11980 bytes for ./public/admin/timetable.html
2026-05-24 15:59:40 +0000  copying file ./public/admin/other-fees.txt ... 
2026-05-24 15:59:40 +0000  8152 bytes for ./public/admin/other-fees.txt
2026-05-24 15:59:40 +0000  copying file ./public/admin/feed/__next._tree.txt ... 
2026-05-24 15:59:40 +0000  495 bytes for ./public/admin/feed/__next._tree.txt
2026-05-24 15:59:40 +0000  copying file ./public/admin/feed/__next._head.txt ... 
2026-05-24 15:59:40 +0000  1825 bytes for ./public/admin/feed/__next._head.txt
2026-05-24 15:59:40 +0000  copying file ./public/admin/feed/__next.admin.txt ... 
2026-05-24 15:59:40 +0000  525 bytes for ./public/admin/feed/__next.admin.txt
2026-05-24 15:59:40 +0000  copying file ./public/admin/feed/__next._full.txt ... 
2026-05-24 15:59:40 +0000  7992 bytes for ./public/admin/feed/__next._full.txt
2026-05-24 15:59:40 +0000  copying file ./public/admin/feed/__next._index.txt ... 
2026-05-24 15:59:40 +0000  3548 bytes for ./public/admin/feed/__next._index.txt
2026-05-24 15:59:40 +0000  copying file ./public/admin/feed/__next.admin.feed.__PAGE__.txt ... 
2026-05-24 15:59:40 +0000  1024 bytes for ./public/admin/feed/__next.admin.feed.__PAGE__.txt
2026-05-24 15:59:40 +0000  copying file ./public/admin/feed/__next.admin.feed.txt ... 
2026-05-24 15:59:40 +0000  525 bytes for ./public/admin/feed/__next.admin.feed.txt
2026-05-24 15:59:40 +0000  copying file ./public/admin/canteen-module/__next.admin.canteen-module.txt ... 
2026-05-24 15:59:40 +0000  525 bytes for ./public/admin/canteen-module/__next.admin.canteen-module.txt
2026-05-24 15:59:40 +0000  copying file ./public/admin/canteen-module/__next._tree.txt ... 
2026-05-24 15:59:40 +0000  505 bytes for ./public/admin/canteen-module/__next._tree.txt
2026-05-24 15:59:40 +0000  copying file ./public/admin/canteen-module/__next._head.txt ... 
2026-05-24 15:59:40 +0000  1825 bytes for ./public/admin/canteen-module/__next._head.txt
2026-05-24 15:59:40 +0000  copying file ./public/admin/canteen-module/__next.admin.txt ... 
2026-05-24 15:59:40 +0000  525 bytes for ./public/admin/canteen-module/__next.admin.txt
2026-05-24 15:59:40 +0000  copying file ./public/admin/canteen-module/__next._full.txt ... 
2026-05-24 15:59:40 +0000  8160 bytes for ./public/admin/canteen-module/__next._full.txt
2026-05-24 15:59:40 +0000  copying file ./public/admin/canteen-module/__next._index.txt ... 
2026-05-24 15:59:40 +0000  3548 bytes for ./public/admin/canteen-module/__next._index.txt
2026-05-24 15:59:40 +0000  copying file ./public/admin/canteen-module/__next.admin.canteen-module.__PAGE__.txt ... 
2026-05-24 15:59:40 +0000  1151 bytes for ./public/admin/canteen-module/__next.admin.canteen-module.__PAGE__.txt
2026-05-24 15:59:40 +0000  copying file ./public/admin/import.html ... 
2026-05-24 15:59:40 +0000  11738 bytes for ./public/admin/import.html
2026-05-24 15:59:40 +0000  copying file ./public/admin/smart-reports/__next._tree.txt ... 
2026-05-24 15:59:40 +0000  504 bytes for ./public/admin/smart-reports/__next._tree.txt
2026-05-24 15:59:40 +0000  copying file ./public/admin/smart-reports/__next._head.txt ... 
2026-05-24 15:59:40 +0000  1825 bytes for ./public/admin/smart-reports/__next._head.txt
2026-05-24 15:59:40 +0000  copying file ./public/admin/smart-reports/__next.admin.txt ... 
2026-05-24 15:59:40 +0000  525 bytes for ./public/admin/smart-reports/__next.admin.txt
2026-05-24 15:59:40 +0000  copying file ./public/admin/smart-reports/__next._full.txt ... 
2026-05-24 15:59:40 +0000  8158 bytes for ./public/admin/smart-reports/__next._full.txt
2026-05-24 15:59:40 +0000  copying file ./public/admin/smart-reports/__next._index.txt ... 
2026-05-24 15:59:40 +0000  3548 bytes for ./public/admin/smart-reports/__next._index.txt
2026-05-24 15:59:40 +0000  copying file ./public/admin/smart-reports/__next.admin.smart-reports.txt ... 
2026-05-24 15:59:40 +0000  525 bytes for ./public/admin/smart-reports/__next.admin.smart-reports.txt
2026-05-24 15:59:40 +0000  copying file ./public/admin/smart-reports/__next.admin.smart-reports.__PAGE__.txt ... 
2026-05-24 15:59:40 +0000  1151 bytes for ./public/admin/smart-reports/__next.admin.smart-reports.__PAGE__.txt
2026-05-24 15:59:40 +0000  copying file ./public/admin/course-groups/__next._tree.txt ... 
2026-05-24 15:59:40 +0000  504 bytes for ./public/admin/course-groups/__next._tree.txt
2026-05-24 15:59:40 +0000  copying file ./public/admin/course-groups/__next._head.txt ... 
2026-05-24 15:59:40 +0000  1825 bytes for ./public/admin/course-groups/__next._head.txt
2026-05-24 15:59:40 +0000  copying file ./public/admin/course-groups/__next.admin.txt ... 
2026-05-24 15:59:40 +0000  525 bytes for ./public/admin/course-groups/__next.admin.txt
2026-05-24 15:59:40 +0000  copying file ./public/admin/course-groups/__next._full.txt ... 
2026-05-24 15:59:40 +0000  8157 bytes for ./public/admin/course-groups/__next._full.txt
2026-05-24 15:59:40 +0000  copying file ./public/admin/course-groups/__next._index.txt ... 
2026-05-24 15:59:40 +0000  3548 bytes for ./public/admin/course-groups/__next._index.txt
2026-05-24 15:59:40 +0000  copying file ./public/admin/course-groups/__next.admin.course-groups.__PAGE__.txt ... 
2026-05-24 15:59:40 +0000  1150 bytes for ./public/admin/course-groups/__next.admin.course-groups.__PAGE__.txt
2026-05-24 15:59:40 +0000  copying file ./public/admin/course-groups/__next.admin.course-groups.txt ... 
2026-05-24 15:59:40 +0000  525 bytes for ./public/admin/course-groups/__next.admin.course-groups.txt
2026-05-24 15:59:40 +0000  copying file ./public/admin/announcements.txt ... 
2026-05-24 15:59:40 +0000  8010 bytes for ./public/admin/announcements.txt
2026-05-24 15:59:40 +0000  copying file ./public/admin/gate.html ... 
2026-05-24 15:59:40 +0000  11734 bytes for ./public/admin/gate.html
2026-05-24 15:59:40 +0000  copying file ./public/admin/settlements.txt ... 
2026-05-24 15:59:40 +0000  8006 bytes for ./public/admin/settlements.txt
2026-05-24 15:59:40 +0000  copying file ./public/admin/gate/__next._tree.txt ... 
2026-05-24 15:59:40 +0000  495 bytes for ./public/admin/gate/__next._tree.txt
2026-05-24 15:59:40 +0000  copying file ./public/admin/gate/__next._head.txt ... 
2026-05-24 15:59:40 +0000  1825 bytes for ./public/admin/gate/__next._head.txt
2026-05-24 15:59:40 +0000  copying file ./public/admin/gate/__next.admin.txt ... 
2026-05-24 15:59:40 +0000  525 bytes for ./public/admin/gate/__next.admin.txt
2026-05-24 15:59:40 +0000  copying file ./public/admin/gate/__next._full.txt ... 
2026-05-24 15:59:40 +0000  7992 bytes for ./public/admin/gate/__next._full.txt
2026-05-24 15:59:40 +0000  copying file ./public/admin/gate/__next._index.txt ... 
2026-05-24 15:59:40 +0000  3548 bytes for ./public/admin/gate/__next._index.txt
2026-05-24 15:59:40 +0000  copying file ./public/admin/gate/__next.admin.gate.__PAGE__.txt ... 
2026-05-24 15:59:40 +0000  1024 bytes for ./public/admin/gate/__next.admin.gate.__PAGE__.txt
2026-05-24 15:59:40 +0000  copying file ./public/admin/gate/__next.admin.gate.txt ... 
2026-05-24 15:59:40 +0000  525 bytes for ./public/admin/gate/__next.admin.gate.txt
2026-05-24 15:59:40 +0000  copying file ./public/admin/classes.html ... 
2026-05-24 15:59:40 +0000  11976 bytes for ./public/admin/classes.html
2026-05-24 15:59:40 +0000  copying file ./public/admin/transcripts.html ... 
2026-05-24 15:59:40 +0000  11984 bytes for ./public/admin/transcripts.html
2026-05-24 15:59:40 +0000  copying file ./public/admin/staff.txt ... 
2026-05-24 15:59:40 +0000  7994 bytes for ./public/admin/staff.txt
2026-05-24 15:59:40 +0000  copying file ./public/admin/course-groups.html ... 
2026-05-24 15:59:40 +0000  11987 bytes for ./public/admin/course-groups.html
2026-05-24 15:59:40 +0000  copying file ./public/admin/fee-particulars.html ... 
2026-05-24 15:59:40 +0000  11992 bytes for ./public/admin/fee-particulars.html
2026-05-24 15:59:40 +0000  copying file ./public/admin/fee-particulars/__next._tree.txt ... 
2026-05-24 15:59:40 +0000  506 bytes for ./public/admin/fee-particulars/__next._tree.txt
2026-05-24 15:59:40 +0000  copying file ./public/admin/fee-particulars/__next._head.txt ... 
2026-05-24 15:59:40 +0000  1825 bytes for ./public/admin/fee-particulars/__next._head.txt
2026-05-24 15:59:40 +0000  copying file ./public/admin/fee-particulars/__next.admin.txt ... 
2026-05-24 15:59:40 +0000  525 bytes for ./public/admin/fee-particulars/__next.admin.txt
2026-05-24 15:59:40 +0000  copying file ./public/admin/fee-particulars/__next.admin.fee-particulars.__PAGE__.txt ... 
2026-05-24 15:59:40 +0000  1151 bytes for ./public/admin/fee-particulars/__next.admin.fee-particulars.__PAGE__.txt
2026-05-24 15:59:40 +0000  copying file ./public/admin/fee-particulars/__next._full.txt ... 
2026-05-24 15:59:40 +0000  8162 bytes for ./public/admin/fee-particulars/__next._full.txt
2026-05-24 15:59:40 +0000  copying file ./public/admin/fee-particulars/__next._index.txt ... 
2026-05-24 15:59:40 +0000  3548 bytes for ./public/admin/fee-particulars/__next._index.txt
2026-05-24 15:59:40 +0000  copying file ./public/admin/fee-particulars/__next.admin.fee-particulars.txt ... 
2026-05-24 15:59:40 +0000  525 bytes for ./public/admin/fee-particulars/__next.admin.fee-particulars.txt
2026-05-24 15:59:40 +0000  copying file ./public/admin/staff.html ... 
2026-05-24 15:59:40 +0000  11736 bytes for ./public/admin/staff.html
2026-05-24 15:59:40 +0000  copying file ./public/admin/chats/__next._tree.txt ... 
2026-05-24 15:59:40 +0000  496 bytes for ./public/admin/chats/__next._tree.txt
2026-05-24 15:59:40 +0000  copying file ./public/admin/chats/__next._head.txt ... 
2026-05-24 15:59:40 +0000  1825 bytes for ./public/admin/chats/__next._head.txt
2026-05-24 15:59:40 +0000  copying file ./public/admin/chats/__next.admin.txt ... 
2026-05-24 15:59:40 +0000  525 bytes for ./public/admin/chats/__next.admin.txt
2026-05-24 15:59:40 +0000  copying file ./public/admin/chats/__next._full.txt ... 
2026-05-24 15:59:40 +0000  7994 bytes for ./public/admin/chats/__next._full.txt
2026-05-24 15:59:40 +0000  copying file ./public/admin/chats/__next._index.txt ... 
2026-05-24 15:59:40 +0000  3548 bytes for ./public/admin/chats/__next._index.txt
2026-05-24 15:59:40 +0000  copying file ./public/admin/chats/__next.admin.chats.txt ... 
2026-05-24 15:59:40 +0000  525 bytes for ./public/admin/chats/__next.admin.chats.txt
2026-05-24 15:59:40 +0000  copying file ./public/admin/chats/__next.admin.chats.__PAGE__.txt ... 
2026-05-24 15:59:40 +0000  1024 bytes for ./public/admin/chats/__next.admin.chats.__PAGE__.txt
2026-05-24 15:59:40 +0000  copying file ./public/admin/data-uploads.html ... 
2026-05-24 15:59:40 +0000  11750 bytes for ./public/admin/data-uploads.html
2026-05-24 15:59:40 +0000  copying file ./public/admin/fee-particulars.txt ... 
2026-05-24 15:59:40 +0000  8162 bytes for ./public/admin/fee-particulars.txt
2026-05-24 15:59:40 +0000  copying file ./public/admin/staff/__next._tree.txt ... 
2026-05-24 15:59:40 +0000  496 bytes for ./public/admin/staff/__next._tree.txt
2026-05-24 15:59:40 +0000  copying file ./public/admin/staff/__next._head.txt ... 
2026-05-24 15:59:40 +0000  1825 bytes for ./public/admin/staff/__next._head.txt
2026-05-24 15:59:40 +0000  copying file ./public/admin/staff/__next.admin.txt ... 
2026-05-24 15:59:40 +0000  525 bytes for ./public/admin/staff/__next.admin.txt
2026-05-24 15:59:40 +0000  copying file ./public/admin/staff/__next.admin.staff.txt ... 
2026-05-24 15:59:40 +0000  525 bytes for ./public/admin/staff/__next.admin.staff.txt
2026-05-24 15:59:40 +0000  copying file ./public/admin/staff/__next._full.txt ... 
2026-05-24 15:59:40 +0000  7994 bytes for ./public/admin/staff/__next._full.txt
2026-05-24 15:59:40 +0000  copying file ./public/admin/staff/__next._index.txt ... 
2026-05-24 15:59:40 +0000  3548 bytes for ./public/admin/staff/__next._index.txt
2026-05-24 15:59:40 +0000  copying file ./public/admin/staff/__next.admin.staff.__PAGE__.txt ... 
2026-05-24 15:59:40 +0000  1024 bytes for ./public/admin/staff/__next.admin.staff.__PAGE__.txt
2026-05-24 15:59:40 +0000  copying file ./public/admin/discount.html ... 
2026-05-24 15:59:40 +0000  11978 bytes for ./public/admin/discount.html
2026-05-24 15:59:40 +0000  copying file ./public/admin/transcripts.txt ... 
2026-05-24 15:59:40 +0000  8154 bytes for ./public/admin/transcripts.txt
2026-05-24 15:59:40 +0000  copying file ./public/admin/finance-payments.txt ... 
2026-05-24 15:59:40 +0000  8164 bytes for ./public/admin/finance-payments.txt
2026-05-24 15:59:40 +0000  copying file ./public/admin/fees.html ... 
2026-05-24 15:59:40 +0000  11734 bytes for ./public/admin/fees.html
2026-05-24 15:59:40 +0000  copying file ./public/admin/chats.html ... 
2026-05-24 15:59:40 +0000  11736 bytes for ./public/admin/chats.html
2026-05-24 15:59:40 +0000  copying file ./public/admin/families.html ... 
2026-05-24 15:59:40 +0000  11978 bytes for ./public/admin/families.html
2026-05-24 15:59:40 +0000  copying file ./public/admin/transport.txt ... 
2026-05-24 15:59:40 +0000  8150 bytes for ./public/admin/transport.txt
2026-05-24 15:59:40 +0000  copying file ./public/admin/enquiries.html ... 
2026-05-24 15:59:40 +0000  11980 bytes for ./public/admin/enquiries.html
2026-05-24 15:59:40 +0000  copying file ./public/admin/settings.html ... 
2026-05-24 15:59:40 +0000  11977 bytes for ./public/admin/settings.html
2026-05-24 15:59:40 +0000  copying file ./public/admin/payroll/__next._tree.txt ... 
2026-05-24 15:59:40 +0000  498 bytes for ./public/admin/payroll/__next._tree.txt
2026-05-24 15:59:40 +0000  copying file ./public/admin/payroll/__next._head.txt ... 
2026-05-24 15:59:40 +0000  1825 bytes for ./public/admin/payroll/__next._head.txt
2026-05-24 15:59:40 +0000  copying file ./public/admin/payroll/__next.admin.payroll.txt ... 
2026-05-24 15:59:40 +0000  525 bytes for ./public/admin/payroll/__next.admin.payroll.txt
2026-05-24 15:59:40 +0000  copying file ./public/admin/payroll/__next.admin.txt ... 
2026-05-24 15:59:40 +0000  525 bytes for ./public/admin/payroll/__next.admin.txt
2026-05-24 15:59:40 +0000  copying file ./public/admin/payroll/__next.admin.payroll.__PAGE__.txt ... 
2026-05-24 15:59:40 +0000  1024 bytes for ./public/admin/payroll/__next.admin.payroll.__PAGE__.txt
2026-05-24 15:59:40 +0000  copying file ./public/admin/payroll/__next._full.txt ... 
2026-05-24 15:59:40 +0000  7998 bytes for ./public/admin/payroll/__next._full.txt
2026-05-24 15:59:40 +0000  copying file ./public/admin/payroll/__next._index.txt ... 
2026-05-24 15:59:40 +0000  3548 bytes for ./public/admin/payroll/__next._index.txt
2026-05-24 15:59:40 +0000  copying file ./public/admin/enquiries/__next._tree.txt ... 
2026-05-24 15:59:40 +0000  500 bytes for ./public/admin/enquiries/__next._tree.txt
2026-05-24 15:59:40 +0000  copying file ./public/admin/enquiries/__next._head.txt ... 
2026-05-24 15:59:40 +0000  1825 bytes for ./public/admin/enquiries/__next._head.txt
2026-05-24 15:59:40 +0000  copying file ./public/admin/enquiries/__next.admin.txt ... 
2026-05-24 15:59:40 +0000  525 bytes for ./public/admin/enquiries/__next.admin.txt
2026-05-24 15:59:40 +0000  copying file ./public/admin/enquiries/__next.admin.enquiries.__PAGE__.txt ... 
2026-05-24 15:59:40 +0000  1151 bytes for ./public/admin/enquiries/__next.admin.enquiries.__PAGE__.txt
2026-05-24 15:59:40 +0000  copying file ./public/admin/enquiries/__next._full.txt ... 
2026-05-24 15:59:40 +0000  8150 bytes for ./public/admin/enquiries/__next._full.txt
2026-05-24 15:59:40 +0000  copying file ./public/admin/enquiries/__next._index.txt ... 
2026-05-24 15:59:40 +0000  3548 bytes for ./public/admin/enquiries/__next._index.txt
2026-05-24 15:59:40 +0000  copying file ./public/admin/enquiries/__next.admin.enquiries.txt ... 
2026-05-24 15:59:40 +0000  525 bytes for ./public/admin/enquiries/__next.admin.enquiries.txt
2026-05-24 15:59:40 +0000  copying file ./public/admin/fee-billing.txt ... 
2026-05-24 15:59:40 +0000  8154 bytes for ./public/admin/fee-billing.txt
2026-05-24 15:59:40 +0000  copying file ./public/admin/import/__next._tree.txt ... 
2026-05-24 15:59:40 +0000  497 bytes for ./public/admin/import/__next._tree.txt
2026-05-24 15:59:40 +0000  copying file ./public/admin/import/__next._head.txt ... 
2026-05-24 15:59:40 +0000  1825 bytes for ./public/admin/import/__next._head.txt
2026-05-24 15:59:40 +0000  copying file ./public/admin/import/__next.admin.txt ... 
2026-05-24 15:59:40 +0000  525 bytes for ./public/admin/import/__next.admin.txt
2026-05-24 15:59:40 +0000  copying file ./public/admin/import/__next._full.txt ... 
2026-05-24 15:59:40 +0000  7996 bytes for ./public/admin/import/__next._full.txt
2026-05-24 15:59:40 +0000  copying file ./public/admin/import/__next._index.txt ... 
2026-05-24 15:59:40 +0000  3548 bytes for ./public/admin/import/__next._index.txt
2026-05-24 15:59:40 +0000  copying file ./public/admin/import/__next.admin.import.__PAGE__.txt ... 
2026-05-24 15:59:40 +0000  1024 bytes for ./public/admin/import/__next.admin.import.__PAGE__.txt
2026-05-24 15:59:40 +0000  copying file ./public/admin/import/__next.admin.import.txt ... 
2026-05-24 15:59:40 +0000  525 bytes for ./public/admin/import/__next.admin.import.txt
2026-05-24 15:59:40 +0000  copying file ./public/admin/accounts.txt ... 
2026-05-24 15:59:40 +0000  8000 bytes for ./public/admin/accounts.txt
2026-05-24 15:59:40 +0000  copying file ./public/admin/finance-reports.html ... 
2026-05-24 15:59:40 +0000  11992 bytes for ./public/admin/finance-reports.html
2026-05-24 15:59:40 +0000  copying file ./public/admin/calendar.txt ... 
2026-05-24 15:59:40 +0000  8148 bytes for ./public/admin/calendar.txt
2026-05-24 15:59:40 +0000  copying file ./public/admin/other-fees.html ... 
2026-05-24 15:59:40 +0000  11982 bytes for ./public/admin/other-fees.html
2026-05-24 15:59:40 +0000  copying file ./public/admin/messaging/__next._tree.txt ... 
2026-05-24 15:59:40 +0000  500 bytes for ./public/admin/messaging/__next._tree.txt
2026-05-24 15:59:40 +0000  copying file ./public/admin/messaging/__next._head.txt ... 
2026-05-24 15:59:40 +0000  1825 bytes for ./public/admin/messaging/__next._head.txt
2026-05-24 15:59:40 +0000  copying file ./public/admin/messaging/__next.admin.txt ... 
2026-05-24 15:59:40 +0000  525 bytes for ./public/admin/messaging/__next.admin.txt
2026-05-24 15:59:40 +0000  copying file ./public/admin/messaging/__next._full.txt ... 
2026-05-24 15:59:40 +0000  8150 bytes for ./public/admin/messaging/__next._full.txt
2026-05-24 15:59:40 +0000  copying file ./public/admin/messaging/__next._index.txt ... 
2026-05-24 15:59:40 +0000  3548 bytes for ./public/admin/messaging/__next._index.txt
2026-05-24 15:59:40 +0000  copying file ./public/admin/messaging/__next.admin.messaging.__PAGE__.txt ... 
2026-05-24 15:59:40 +0000  1151 bytes for ./public/admin/messaging/__next.admin.messaging.__PAGE__.txt
2026-05-24 15:59:40 +0000  copying file ./public/admin/messaging/__next.admin.messaging.txt ... 
2026-05-24 15:59:40 +0000  525 bytes for ./public/admin/messaging/__next.admin.messaging.txt
2026-05-24 15:59:40 +0000  copying file ./public/admin/interests/__next.admin.interests.__PAGE__.txt ... 
2026-05-24 15:59:40 +0000  1151 bytes for ./public/admin/interests/__next.admin.interests.__PAGE__.txt
2026-05-24 15:59:40 +0000  copying file ./public/admin/interests/__next._tree.txt ... 
2026-05-24 15:59:40 +0000  500 bytes for ./public/admin/interests/__next._tree.txt
2026-05-24 15:59:40 +0000  copying file ./public/admin/interests/__next._head.txt ... 
2026-05-24 15:59:40 +0000  1825 bytes for ./public/admin/interests/__next._head.txt
2026-05-24 15:59:40 +0000  copying file ./public/admin/interests/__next.admin.txt ... 
2026-05-24 15:59:40 +0000  525 bytes for ./public/admin/interests/__next.admin.txt
2026-05-24 15:59:40 +0000  copying file ./public/admin/interests/__next.admin.interests.txt ... 
2026-05-24 15:59:40 +0000  525 bytes for ./public/admin/interests/__next.admin.interests.txt
2026-05-24 15:59:40 +0000  copying file ./public/admin/interests/__next._full.txt ... 
2026-05-24 15:59:40 +0000  8150 bytes for ./public/admin/interests/__next._full.txt
2026-05-24 15:59:40 +0000  copying file ./public/admin/interests/__next._index.txt ... 
2026-05-24 15:59:40 +0000  3548 bytes for ./public/admin/interests/__next._index.txt
2026-05-24 15:59:40 +0000  copying file ./public/admin/messaging.html ... 
2026-05-24 15:59:40 +0000  11980 bytes for ./public/admin/messaging.html
2026-05-24 15:59:40 +0000  copying file ./public/admin/interests.txt ... 
2026-05-24 15:59:40 +0000  8150 bytes for ./public/admin/interests.txt
2026-05-24 15:59:40 +0000  copying file ./public/admin/finance-accounts/__next._tree.txt ... 
2026-05-24 15:59:40 +0000  507 bytes for ./public/admin/finance-accounts/__next._tree.txt
2026-05-24 15:59:40 +0000  copying file ./public/admin/finance-accounts/__next._head.txt ... 
2026-05-24 15:59:40 +0000  1825 bytes for ./public/admin/finance-accounts/__next._head.txt
2026-05-24 15:59:40 +0000  copying file ./public/admin/finance-accounts/__next.admin.txt ... 
2026-05-24 15:59:40 +0000  525 bytes for ./public/admin/finance-accounts/__next.admin.txt
2026-05-24 15:59:40 +0000  copying file ./public/admin/finance-accounts/__next.admin.finance-accounts.__PAGE__.txt ... 
2026-05-24 15:59:40 +0000  1151 bytes for ./public/admin/finance-accounts/__next.admin.finance-accounts.__PAGE__.txt
2026-05-24 15:59:40 +0000  copying file ./public/admin/finance-accounts/__next._full.txt ... 
2026-05-24 15:59:40 +0000  8164 bytes for ./public/admin/finance-accounts/__next._full.txt
2026-05-24 15:59:40 +0000  copying file ./public/admin/finance-accounts/__next._index.txt ... 
2026-05-24 15:59:40 +0000  3548 bytes for ./public/admin/finance-accounts/__next._index.txt
2026-05-24 15:59:40 +0000  copying file ./public/admin/finance-accounts/__next.admin.finance-accounts.txt ... 
2026-05-24 15:59:40 +0000  525 bytes for ./public/admin/finance-accounts/__next.admin.finance-accounts.txt
2026-05-24 15:59:40 +0000  copying file ./public/admin/grading.html ... 
2026-05-24 15:59:40 +0000  11976 bytes for ./public/admin/grading.html
2026-05-24 15:59:40 +0000  copying file ./public/admin/other-fees/__next._tree.txt ... 
2026-05-24 15:59:40 +0000  501 bytes for ./public/admin/other-fees/__next._tree.txt
2026-05-24 15:59:40 +0000  copying file ./public/admin/other-fees/__next._head.txt ... 
2026-05-24 15:59:40 +0000  1825 bytes for ./public/admin/other-fees/__next._head.txt
2026-05-24 15:59:40 +0000  copying file ./public/admin/other-fees/__next.admin.txt ... 
2026-05-24 15:59:40 +0000  525 bytes for ./public/admin/other-fees/__next.admin.txt
2026-05-24 15:59:40 +0000  copying file ./public/admin/other-fees/__next._full.txt ... 
2026-05-24 15:59:40 +0000  8152 bytes for ./public/admin/other-fees/__next._full.txt
2026-05-24 15:59:40 +0000  copying file ./public/admin/other-fees/__next._index.txt ... 
2026-05-24 15:59:40 +0000  3548 bytes for ./public/admin/other-fees/__next._index.txt
2026-05-24 15:59:40 +0000  copying file ./public/admin/other-fees/__next.admin.other-fees.txt ... 
2026-05-24 15:59:40 +0000  525 bytes for ./public/admin/other-fees/__next.admin.other-fees.txt
2026-05-24 15:59:40 +0000  copying file ./public/admin/other-fees/__next.admin.other-fees.__PAGE__.txt ... 
2026-05-24 15:59:40 +0000  1151 bytes for ./public/admin/other-fees/__next.admin.other-fees.__PAGE__.txt
2026-05-24 15:59:40 +0000  copying file ./public/admin/reports/__next._tree.txt ... 
2026-05-24 15:59:40 +0000  498 bytes for ./public/admin/reports/__next._tree.txt
2026-05-24 15:59:40 +0000  copying file ./public/admin/reports/__next._head.txt ... 
2026-05-24 15:59:40 +0000  1825 bytes for ./public/admin/reports/__next._head.txt
2026-05-24 15:59:40 +0000  copying file ./public/admin/reports/__next.admin.txt ... 
2026-05-24 15:59:40 +0000  525 bytes for ./public/admin/reports/__next.admin.txt
2026-05-24 15:59:40 +0000  copying file ./public/admin/reports/__next._full.txt ... 
2026-05-24 15:59:40 +0000  8146 bytes for ./public/admin/reports/__next._full.txt
2026-05-24 15:59:40 +0000  copying file ./public/admin/reports/__next._index.txt ... 
2026-05-24 15:59:40 +0000  3548 bytes for ./public/admin/reports/__next._index.txt
2026-05-24 15:59:40 +0000  copying file ./public/admin/reports/__next.admin.reports.txt ... 
2026-05-24 15:59:40 +0000  525 bytes for ./public/admin/reports/__next.admin.reports.txt
2026-05-24 15:59:40 +0000  copying file ./public/admin/reports/__next.admin.reports.__PAGE__.txt ... 
2026-05-24 15:59:40 +0000  1151 bytes for ./public/admin/reports/__next.admin.reports.__PAGE__.txt
2026-05-24 15:59:40 +0000  copying file ./public/admin/timetable/__next._tree.txt ... 
2026-05-24 15:59:40 +0000  500 bytes for ./public/admin/timetable/__next._tree.txt
2026-05-24 15:59:40 +0000  copying file ./public/admin/timetable/__next._head.txt ... 
2026-05-24 15:59:40 +0000  1825 bytes for ./public/admin/timetable/__next._head.txt
2026-05-24 15:59:40 +0000  copying file ./public/admin/timetable/__next.admin.txt ... 
2026-05-24 15:59:40 +0000  525 bytes for ./public/admin/timetable/__next.admin.txt
2026-05-24 15:59:40 +0000  copying file ./public/admin/timetable/__next._full.txt ... 
2026-05-24 15:59:40 +0000  8150 bytes for ./public/admin/timetable/__next._full.txt
2026-05-24 15:59:40 +0000  copying file ./public/admin/timetable/__next._index.txt ... 
2026-05-24 15:59:40 +0000  3548 bytes for ./public/admin/timetable/__next._index.txt
2026-05-24 15:59:40 +0000  copying file ./public/admin/timetable/__next.admin.timetable.__PAGE__.txt ... 
2026-05-24 15:59:40 +0000  1151 bytes for ./public/admin/timetable/__next.admin.timetable.__PAGE__.txt
2026-05-24 15:59:40 +0000  copying file ./public/admin/timetable/__next.admin.timetable.txt ... 
2026-05-24 15:59:40 +0000  525 bytes for ./public/admin/timetable/__next.admin.timetable.txt
2026-05-24 15:59:40 +0000  copying file ./public/admin/reports.html ... 
2026-05-24 15:59:40 +0000  11976 bytes for ./public/admin/reports.html
2026-05-24 15:59:40 +0000  copying file ./public/admin/questions/__next._tree.txt ... 
2026-05-24 15:59:40 +0000  500 bytes for ./public/admin/questions/__next._tree.txt
2026-05-24 15:59:40 +0000  copying file ./public/admin/questions/__next._head.txt ... 
2026-05-24 15:59:40 +0000  1825 bytes for ./public/admin/questions/__next._head.txt
2026-05-24 15:59:40 +0000  copying file ./public/admin/questions/__next.admin.txt ... 
2026-05-24 15:59:40 +0000  525 bytes for ./public/admin/questions/__next.admin.txt
2026-05-24 15:59:40 +0000  copying file ./public/admin/questions/__next.admin.questions.__PAGE__.txt ... 
2026-05-24 15:59:40 +0000  1024 bytes for ./public/admin/questions/__next.admin.questions.__PAGE__.txt
2026-05-24 15:59:40 +0000  copying file ./public/admin/questions/__next._full.txt ... 
2026-05-24 15:59:40 +0000  8002 bytes for ./public/admin/questions/__next._full.txt
2026-05-24 15:59:40 +0000  copying file ./public/admin/questions/__next._index.txt ... 
2026-05-24 15:59:40 +0000  3548 bytes for ./public/admin/questions/__next._index.txt
2026-05-24 15:59:40 +0000  copying file ./public/admin/questions/__next.admin.questions.txt ... 
2026-05-24 15:59:40 +0000  525 bytes for ./public/admin/questions/__next.admin.questions.txt
2026-05-24 15:59:40 +0000  copying file ./public/admin/finance-accounts.txt ... 
2026-05-24 15:59:40 +0000  8164 bytes for ./public/admin/finance-accounts.txt
2026-05-24 15:59:40 +0000  copying file ./public/admin/fee-billing.html ... 
2026-05-24 15:59:40 +0000  11984 bytes for ./public/admin/fee-billing.html
2026-05-24 15:59:40 +0000  copying file ./public/admin/employees/__next._tree.txt ... 
2026-05-24 15:59:40 +0000  500 bytes for ./public/admin/employees/__next._tree.txt
2026-05-24 15:59:40 +0000  copying file ./public/admin/employees/__next._head.txt ... 
2026-05-24 15:59:40 +0000  1825 bytes for ./public/admin/employees/__next._head.txt
2026-05-24 15:59:40 +0000  copying file ./public/admin/employees/__next.admin.txt ... 
2026-05-24 15:59:40 +0000  525 bytes for ./public/admin/employees/__next.admin.txt
2026-05-24 15:59:40 +0000  copying file ./public/admin/employees/__next._full.txt ... 
2026-05-24 15:59:40 +0000  8150 bytes for ./public/admin/employees/__next._full.txt
2026-05-24 15:59:40 +0000  copying file ./public/admin/employees/__next._index.txt ... 
2026-05-24 15:59:40 +0000  3548 bytes for ./public/admin/employees/__next._index.txt
2026-05-24 15:59:40 +0000  copying file ./public/admin/employees/__next.admin.employees.txt ... 
2026-05-24 15:59:40 +0000  525 bytes for ./public/admin/employees/__next.admin.employees.txt
2026-05-24 15:59:40 +0000  copying file ./public/admin/employees/__next.admin.employees.__PAGE__.txt ... 
2026-05-24 15:59:40 +0000  1151 bytes for ./public/admin/employees/__next.admin.employees.__PAGE__.txt
2026-05-24 15:59:40 +0000  copying file ./public/admin/families/__next._tree.txt ... 
2026-05-24 15:59:40 +0000  499 bytes for ./public/admin/families/__next._tree.txt
2026-05-24 15:59:40 +0000  copying file ./public/admin/families/__next._head.txt ... 
2026-05-24 15:59:40 +0000  1825 bytes for ./public/admin/families/__next._head.txt
2026-05-24 15:59:40 +0000  copying file ./public/admin/families/__next.admin.txt ... 
2026-05-24 15:59:40 +0000  525 bytes for ./public/admin/families/__next.admin.txt
2026-05-24 15:59:40 +0000  copying file ./public/admin/families/__next._full.txt ... 
2026-05-24 15:59:40 +0000  8148 bytes for ./public/admin/families/__next._full.txt
2026-05-24 15:59:40 +0000  copying file ./public/admin/families/__next._index.txt ... 
2026-05-24 15:59:40 +0000  3548 bytes for ./public/admin/families/__next._index.txt
2026-05-24 15:59:40 +0000  copying file ./public/admin/families/__next.admin.families.txt ... 
2026-05-24 15:59:40 +0000  525 bytes for ./public/admin/families/__next.admin.families.txt
2026-05-24 15:59:40 +0000  copying file ./public/admin/families/__next.admin.families.__PAGE__.txt ... 
2026-05-24 15:59:40 +0000  1151 bytes for ./public/admin/families/__next.admin.families.__PAGE__.txt
2026-05-24 15:59:40 +0000  copying file ./public/library.html ... 
2026-05-24 15:59:40 +0000  20154 bytes for ./public/library.html
2026-05-24 15:59:40 +0000  copying file ./public/404.html ... 
2026-05-24 15:59:40 +0000  12258 bytes for ./public/404.html
2026-05-24 15:59:40 +0000  copying file ./public/icon.svg ... 
2026-05-24 15:59:40 +0000  1198 bytes for ./public/icon.svg
2026-05-24 15:59:40 +0000  copying file ./public/login.html ... 
2026-05-24 15:59:40 +0000  11135 bytes for ./public/login.html
2026-05-24 15:59:40 +0000  copying file ./public/library/__next._tree.txt ... 
2026-05-24 15:59:40 +0000  429 bytes for ./public/library/__next._tree.txt
2026-05-24 15:59:40 +0000  copying file ./public/library/__next._head.txt ... 
2026-05-24 15:59:40 +0000  1825 bytes for ./public/library/__next._head.txt
2026-05-24 15:59:40 +0000  copying file ./public/library/__next.library.txt ... 
2026-05-24 15:59:40 +0000  525 bytes for ./public/library/__next.library.txt
2026-05-24 15:59:40 +0000  copying file ./public/library/__next.library.__PAGE__.txt ... 
2026-05-24 15:59:40 +0000  1024 bytes for ./public/library/__next.library.__PAGE__.txt
2026-05-24 15:59:40 +0000  copying file ./public/library/__next._full.txt ... 
2026-05-24 15:59:40 +0000  7593 bytes for ./public/library/__next._full.txt
2026-05-24 15:59:40 +0000  copying file ./public/library/__next._index.txt ... 
2026-05-24 15:59:40 +0000  3548 bytes for ./public/library/__next._index.txt
2026-05-24 15:59:40 +0000  copying file ./public/bece.txt ... 
2026-05-24 15:59:40 +0000  7587 bytes for ./public/bece.txt
2026-05-24 15:59:40 +0000  copying file ./public/__next.__PAGE__.txt ... 
2026-05-24 15:59:40 +0000  1024 bytes for ./public/__next.__PAGE__.txt
2026-05-24 15:59:40 +0000  copying file ./public/_not-found.html ... 
2026-05-24 15:59:40 +0000  12258 bytes for ./public/_not-found.html
2026-05-24 15:59:40 +0000  copying file ./public/parent.txt ... 
2026-05-24 15:59:40 +0000  7739 bytes for ./public/parent.txt
2026-05-24 15:59:40 +0000  copying file ./public/invite/__next._tree.txt ... 
2026-05-24 15:59:40 +0000  428 bytes for ./public/invite/__next._tree.txt
2026-05-24 15:59:40 +0000  copying file ./public/invite/__next._head.txt ... 
2026-05-24 15:59:40 +0000  1825 bytes for ./public/invite/__next._head.txt
2026-05-24 15:59:40 +0000  copying file ./public/invite/__next.invite.__PAGE__.txt ... 
2026-05-24 15:59:40 +0000  1024 bytes for ./public/invite/__next.invite.__PAGE__.txt
2026-05-24 15:59:40 +0000  copying file ./public/invite/__next._full.txt ... 
2026-05-24 15:59:40 +0000  7591 bytes for ./public/invite/__next._full.txt
2026-05-24 15:59:40 +0000  copying file ./public/invite/__next._index.txt ... 
2026-05-24 15:59:40 +0000  3548 bytes for ./public/invite/__next._index.txt
2026-05-24 15:59:40 +0000  copying file ./public/invite/__next.invite.txt ... 
2026-05-24 15:59:40 +0000  525 bytes for ./public/invite/__next.invite.txt
2026-05-24 15:59:40 +0000  copying file ./public/logo-transparent.png ... 
2026-05-24 15:59:40 +0000  356946 bytes for ./public/logo-transparent.png
2026-05-24 15:59:40 +0000  copying file ./public/admin.txt ... 
2026-05-24 15:59:40 +0000  7589 bytes for ./public/admin.txt
2026-05-24 15:59:40 +0000  copying file ./public/logo.png ... 
2026-05-24 15:59:40 +0000  367166 bytes for ./public/logo.png
2026-05-24 15:59:40 +0000  copying file ./public/parent/__next._tree.txt ... 
2026-05-24 15:59:40 +0000  428 bytes for ./public/parent/__next._tree.txt
2026-05-24 15:59:40 +0000  copying file ./public/parent/__next._head.txt ... 
2026-05-24 15:59:40 +0000  1825 bytes for ./public/parent/__next._head.txt
2026-05-24 15:59:40 +0000  copying file ./public/parent/__next.parent.txt ... 
2026-05-24 15:59:40 +0000  525 bytes for ./public/parent/__next.parent.txt
2026-05-24 15:59:40 +0000  copying file ./public/parent/__next._full.txt ... 
2026-05-24 15:59:40 +0000  7739 bytes for ./public/parent/__next._full.txt
2026-05-24 15:59:40 +0000  copying file ./public/parent/__next._index.txt ... 
2026-05-24 15:59:40 +0000  3548 bytes for ./public/parent/__next._index.txt
2026-05-24 15:59:40 +0000  copying file ./public/parent/__next.parent.__PAGE__.txt ... 
2026-05-24 15:59:40 +0000  1151 bytes for ./public/parent/__next.parent.__PAGE__.txt
2026-05-24 15:59:40 +0000  copying file ./public/vercel.svg ... 
2026-05-24 15:59:40 +0000  128 bytes for ./public/vercel.svg
2026-05-24 15:59:40 +0000  copying file ./public/manifest.json ... 
2026-05-24 15:59:40 +0000  861 bytes for ./public/manifest.json
2026-05-24 15:59:40 +0000  copying file ./public/next.svg ... 
2026-05-24 15:59:40 +0000  1375 bytes for ./public/next.svg
2026-05-24 15:59:40 +0000  copying file ./public/principal.html ... 
2026-05-24 15:59:40 +0000  11275 bytes for ./public/principal.html
2026-05-24 15:59:40 +0000  copying file ./public/cordova_plugins.js ... 
2026-05-24 15:59:40 +0000  0 bytes for ./public/cordova_plugins.js
2026-05-24 15:59:40 +0000  copying file ./public/_not-found/__next._tree.txt ... 
2026-05-24 15:59:40 +0000  319 bytes for ./public/_not-found/__next._tree.txt
2026-05-24 15:59:40 +0000  copying file ./public/_not-found/__next._head.txt ... 
2026-05-24 15:59:40 +0000  1876 bytes for ./public/_not-found/__next._head.txt
2026-05-24 15:59:40 +0000  copying file ./public/_not-found/__next._full.txt ... 
2026-05-24 15:59:40 +0000  8083 bytes for ./public/_not-found/__next._full.txt
2026-05-24 15:59:40 +0000  copying file ./public/_not-found/__next._index.txt ... 
2026-05-24 15:59:40 +0000  3548 bytes for ./public/_not-found/__next._index.txt
2026-05-24 15:59:40 +0000  copying file ./public/_not-found/__next._not-found.txt ... 
2026-05-24 15:59:40 +0000  525 bytes for ./public/_not-found/__next._not-found.txt
2026-05-24 15:59:40 +0000  copying file ./public/_not-found/__next._not-found.__PAGE__.txt ... 
2026-05-24 15:59:40 +0000  1502 bytes for ./public/_not-found/__next._not-found.__PAGE__.txt
2026-05-24 15:59:40 +0000  copying file ./public/parent.html ... 
2026-05-24 15:59:40 +0000  11505 bytes for ./public/parent.html
2026-05-24 15:59:40 +0000  copying file ./public/student.html ... 
2026-05-24 15:59:40 +0000  11271 bytes for ./public/student.html
2026-05-24 15:59:40 +0000  copying file ./public/student.txt ... 
2026-05-24 15:59:40 +0000  7593 bytes for ./public/student.txt
2026-05-24 15:59:40 +0000  copying file ./public/globe.svg ... 
2026-05-24 15:59:40 +0000  1035 bytes for ./public/globe.svg
2026-05-24 15:59:40 +0000  copying file ./public/bece.html ... 
2026-05-24 15:59:40 +0000  17001 bytes for ./public/bece.html
2026-05-24 15:59:40 +0000  copying file ./public/window.svg ... 
2026-05-24 15:59:40 +0000  385 bytes for ./public/window.svg
2026-05-24 15:59:40 +0000  copying file ./public/logo.svg ... 
2026-05-24 15:59:40 +0000  5262 bytes for ./public/logo.svg
2026-05-24 15:59:40 +0000  copying file ./public/teacher/attendance/__next._tree.txt ... 
2026-05-24 15:59:40 +0000  503 bytes for ./public/teacher/attendance/__next._tree.txt
2026-05-24 15:59:40 +0000  copying file ./public/teacher/attendance/__next._head.txt ... 
2026-05-24 15:59:40 +0000  1825 bytes for ./public/teacher/attendance/__next._head.txt
2026-05-24 15:59:40 +0000  copying file ./public/teacher/attendance/__next._full.txt ... 
2026-05-24 15:59:40 +0000  8008 bytes for ./public/teacher/attendance/__next._full.txt
2026-05-24 15:59:40 +0000  copying file ./public/teacher/attendance/__next._index.txt ... 
2026-05-24 15:59:40 +0000  3548 bytes for ./public/teacher/attendance/__next._index.txt
2026-05-24 15:59:40 +0000  copying file ./public/teacher/attendance/__next.teacher.txt ... 
2026-05-24 15:59:40 +0000  525 bytes for ./public/teacher/attendance/__next.teacher.txt
2026-05-24 15:59:40 +0000  copying file ./public/teacher/attendance/__next.teacher.attendance.txt ... 
2026-05-24 15:59:40 +0000  525 bytes for ./public/teacher/attendance/__next.teacher.attendance.txt
2026-05-24 15:59:40 +0000  copying file ./public/teacher/attendance/__next.teacher.attendance.__PAGE__.txt ... 
2026-05-24 15:59:40 +0000  1024 bytes for ./public/teacher/attendance/__next.teacher.attendance.__PAGE__.txt
2026-05-24 15:59:40 +0000  copying file ./public/teacher/pickup.html ... 
2026-05-24 15:59:40 +0000  11742 bytes for ./public/teacher/pickup.html
2026-05-24 15:59:40 +0000  copying file ./public/teacher/__next._tree.txt ... 
2026-05-24 15:59:40 +0000  429 bytes for ./public/teacher/__next._tree.txt
2026-05-24 15:59:40 +0000  copying file ./public/teacher/feed.html ... 
2026-05-24 15:59:40 +0000  11737 bytes for ./public/teacher/feed.html
2026-05-24 15:59:40 +0000  copying file ./public/teacher/__next._head.txt ... 
2026-05-24 15:59:40 +0000  1825 bytes for ./public/teacher/__next._head.txt
2026-05-24 15:59:40 +0000  copying file ./public/teacher/assessments/__next._tree.txt ... 
2026-05-24 15:59:40 +0000  504 bytes for ./public/teacher/assessments/__next._tree.txt
2026-05-24 15:59:40 +0000  copying file ./public/teacher/assessments/__next._head.txt ... 
2026-05-24 15:59:40 +0000  1825 bytes for ./public/teacher/assessments/__next._head.txt
2026-05-24 15:59:40 +0000  copying file ./public/teacher/assessments/__next._full.txt ... 
2026-05-24 15:59:40 +0000  8158 bytes for ./public/teacher/assessments/__next._full.txt
2026-05-24 15:59:40 +0000  copying file ./public/teacher/assessments/__next._index.txt ... 
2026-05-24 15:59:40 +0000  3548 bytes for ./public/teacher/assessments/__next._index.txt
2026-05-24 15:59:40 +0000  copying file ./public/teacher/assessments/__next.teacher.txt ... 
2026-05-24 15:59:40 +0000  525 bytes for ./public/teacher/assessments/__next.teacher.txt
2026-05-24 15:59:40 +0000  copying file ./public/teacher/assessments/__next.teacher.assessments.txt ... 
2026-05-24 15:59:40 +0000  525 bytes for ./public/teacher/assessments/__next.teacher.assessments.txt
2026-05-24 15:59:40 +0000  copying file ./public/teacher/assessments/__next.teacher.assessments.__PAGE__.txt ... 
2026-05-24 15:59:40 +0000  1151 bytes for ./public/teacher/assessments/__next.teacher.assessments.__PAGE__.txt
2026-05-24 15:59:40 +0000  copying file ./public/teacher/questions.txt ... 
2026-05-24 15:59:40 +0000  8006 bytes for ./public/teacher/questions.txt
2026-05-24 15:59:40 +0000  copying file ./public/teacher/attendance.txt ... 
2026-05-24 15:59:40 +0000  8008 bytes for ./public/teacher/attendance.txt
2026-05-24 15:59:40 +0000  copying file ./public/teacher/chat/__next.teacher.chat.txt ... 
2026-05-24 15:59:40 +0000  525 bytes for ./public/teacher/chat/__next.teacher.chat.txt
2026-05-24 15:59:40 +0000  copying file ./public/teacher/chat/__next._tree.txt ... 
2026-05-24 15:59:40 +0000  497 bytes for ./public/teacher/chat/__next._tree.txt
2026-05-24 15:59:40 +0000  copying file ./public/teacher/chat/__next._head.txt ... 
2026-05-24 15:59:40 +0000  1825 bytes for ./public/teacher/chat/__next._head.txt
2026-05-24 15:59:40 +0000  copying file ./public/teacher/chat/__next.teacher.chat.__PAGE__.txt ... 
2026-05-24 15:59:40 +0000  1024 bytes for ./public/teacher/chat/__next.teacher.chat.__PAGE__.txt
2026-05-24 15:59:40 +0000  copying file ./public/teacher/chat/__next._full.txt ... 
2026-05-24 15:59:40 +0000  7996 bytes for ./public/teacher/chat/__next._full.txt
2026-05-24 15:59:40 +0000  copying file ./public/teacher/chat/__next._index.txt ... 
2026-05-24 15:59:40 +0000  3548 bytes for ./public/teacher/chat/__next._index.txt
2026-05-24 15:59:40 +0000  copying file ./public/teacher/chat/__next.teacher.txt ... 
2026-05-24 15:59:40 +0000  525 bytes for ./public/teacher/chat/__next.teacher.txt
2026-05-24 15:59:40 +0000  copying file ./public/teacher/gradebook.html ... 
2026-05-24 15:59:40 +0000  11748 bytes for ./public/teacher/gradebook.html
2026-05-24 15:59:40 +0000  copying file ./public/teacher/feed.txt ... 
2026-05-24 15:59:40 +0000  7995 bytes for ./public/teacher/feed.txt
2026-05-24 15:59:40 +0000  copying file ./public/teacher/assessments.html ... 
2026-05-24 15:59:40 +0000  11988 bytes for ./public/teacher/assessments.html
2026-05-24 15:59:40 +0000  copying file ./public/teacher/__next._full.txt ... 
2026-05-24 15:59:40 +0000  7593 bytes for ./public/teacher/__next._full.txt
2026-05-24 15:59:40 +0000  copying file ./public/teacher/homework.txt ... 
2026-05-24 15:59:40 +0000  8004 bytes for ./public/teacher/homework.txt
2026-05-24 15:59:40 +0000  copying file ./public/teacher/__next._index.txt ... 
2026-05-24 15:59:40 +0000  3548 bytes for ./public/teacher/__next._index.txt
2026-05-24 15:59:40 +0000  copying file ./public/teacher/pickup.txt ... 
2026-05-24 15:59:40 +0000  8000 bytes for ./public/teacher/pickup.txt
2026-05-24 15:59:40 +0000  copying file ./public/teacher/attendance.html ... 
2026-05-24 15:59:40 +0000  11750 bytes for ./public/teacher/attendance.html
2026-05-24 15:59:40 +0000  copying file ./public/teacher/__next.teacher.txt ... 
2026-05-24 15:59:40 +0000  525 bytes for ./public/teacher/__next.teacher.txt
2026-05-24 15:59:40 +0000  copying file ./public/teacher/pickup/__next._tree.txt ... 
2026-05-24 15:59:40 +0000  499 bytes for ./public/teacher/pickup/__next._tree.txt
2026-05-24 15:59:40 +0000  copying file ./public/teacher/pickup/__next._head.txt ... 
2026-05-24 15:59:40 +0000  1825 bytes for ./public/teacher/pickup/__next._head.txt
2026-05-24 15:59:40 +0000  copying file ./public/teacher/pickup/__next._full.txt ... 
2026-05-24 15:59:40 +0000  8000 bytes for ./public/teacher/pickup/__next._full.txt
2026-05-24 15:59:40 +0000  copying file ./public/teacher/pickup/__next._index.txt ... 
2026-05-24 15:59:40 +0000  3548 bytes for ./public/teacher/pickup/__next._index.txt
2026-05-24 15:59:40 +0000  copying file ./public/teacher/pickup/__next.teacher.txt ... 
2026-05-24 15:59:40 +0000  525 bytes for ./public/teacher/pickup/__next.teacher.txt
2026-05-24 15:59:40 +0000  copying file ./public/teacher/pickup/__next.teacher.pickup.txt ... 
2026-05-24 15:59:40 +0000  525 bytes for ./public/teacher/pickup/__next.teacher.pickup.txt
2026-05-24 15:59:40 +0000  copying file ./public/teacher/pickup/__next.teacher.pickup.__PAGE__.txt ... 
2026-05-24 15:59:40 +0000  1024 bytes for ./public/teacher/pickup/__next.teacher.pickup.__PAGE__.txt
2026-05-24 15:59:40 +0000  copying file ./public/teacher/assessments.txt ... 
2026-05-24 15:59:40 +0000  8158 bytes for ./public/teacher/assessments.txt
2026-05-24 15:59:40 +0000  copying file ./public/teacher/questions.html ... 
2026-05-24 15:59:40 +0000  11748 bytes for ./public/teacher/questions.html
2026-05-24 15:59:40 +0000  copying file ./public/teacher/homework/__next._tree.txt ... 
2026-05-24 15:59:40 +0000  501 bytes for ./public/teacher/homework/__next._tree.txt
2026-05-24 15:59:40 +0000  copying file ./public/teacher/homework/__next._head.txt ... 
2026-05-24 15:59:40 +0000  1825 bytes for ./public/teacher/homework/__next._head.txt
2026-05-24 15:59:40 +0000  copying file ./public/teacher/homework/__next._full.txt ... 
2026-05-24 15:59:40 +0000  8004 bytes for ./public/teacher/homework/__next._full.txt
2026-05-24 15:59:40 +0000  copying file ./public/teacher/homework/__next._index.txt ... 
2026-05-24 15:59:40 +0000  3548 bytes for ./public/teacher/homework/__next._index.txt
2026-05-24 15:59:40 +0000  copying file ./public/teacher/homework/__next.teacher.txt ... 
2026-05-24 15:59:40 +0000  525 bytes for ./public/teacher/homework/__next.teacher.txt
2026-05-24 15:59:40 +0000  copying file ./public/teacher/homework/__next.teacher.homework.txt ... 
2026-05-24 15:59:40 +0000  525 bytes for ./public/teacher/homework/__next.teacher.homework.txt
2026-05-24 15:59:40 +0000  copying file ./public/teacher/homework/__next.teacher.homework.__PAGE__.txt ... 
2026-05-24 15:59:40 +0000  1024 bytes for ./public/teacher/homework/__next.teacher.homework.__PAGE__.txt
2026-05-24 15:59:40 +0000  copying file ./public/teacher/feed/__next._tree.txt ... 
2026-05-24 15:59:40 +0000  497 bytes for ./public/teacher/feed/__next._tree.txt
2026-05-24 15:59:40 +0000  copying file ./public/teacher/feed/__next._head.txt ... 
2026-05-24 15:59:40 +0000  1825 bytes for ./public/teacher/feed/__next._head.txt
2026-05-24 15:59:40 +0000  copying file ./public/teacher/feed/__next.teacher.feed.__PAGE__.txt ... 
2026-05-24 15:59:40 +0000  1023 bytes for ./public/teacher/feed/__next.teacher.feed.__PAGE__.txt
2026-05-24 15:59:40 +0000  copying file ./public/teacher/feed/__next._full.txt ... 
2026-05-24 15:59:40 +0000  7995 bytes for ./public/teacher/feed/__next._full.txt
2026-05-24 15:59:40 +0000  copying file ./public/teacher/feed/__next._index.txt ... 
2026-05-24 15:59:40 +0000  3548 bytes for ./public/teacher/feed/__next._index.txt
2026-05-24 15:59:40 +0000  copying file ./public/teacher/feed/__next.teacher.txt ... 
2026-05-24 15:59:40 +0000  525 bytes for ./public/teacher/feed/__next.teacher.txt
2026-05-24 15:59:40 +0000  copying file ./public/teacher/feed/__next.teacher.feed.txt ... 
2026-05-24 15:59:40 +0000  525 bytes for ./public/teacher/feed/__next.teacher.feed.txt
2026-05-24 15:59:40 +0000  copying file ./public/teacher/gradebook.txt ... 
2026-05-24 15:59:40 +0000  8006 bytes for ./public/teacher/gradebook.txt
2026-05-24 15:59:40 +0000  copying file ./public/teacher/chat.txt ... 
2026-05-24 15:59:40 +0000  7996 bytes for ./public/teacher/chat.txt
2026-05-24 15:59:40 +0000  copying file ./public/teacher/gradebook/__next._tree.txt ... 
2026-05-24 15:59:40 +0000  502 bytes for ./public/teacher/gradebook/__next._tree.txt
2026-05-24 15:59:40 +0000  copying file ./public/teacher/gradebook/__next._head.txt ... 
2026-05-24 15:59:40 +0000  1825 bytes for ./public/teacher/gradebook/__next._head.txt
2026-05-24 15:59:40 +0000  copying file ./public/teacher/gradebook/__next.teacher.gradebook.txt ... 
2026-05-24 15:59:40 +0000  525 bytes for ./public/teacher/gradebook/__next.teacher.gradebook.txt
2026-05-24 15:59:40 +0000  copying file ./public/teacher/gradebook/__next._full.txt ... 
2026-05-24 15:59:40 +0000  8006 bytes for ./public/teacher/gradebook/__next._full.txt
2026-05-24 15:59:40 +0000  copying file ./public/teacher/gradebook/__next._index.txt ... 
2026-05-24 15:59:40 +0000  3548 bytes for ./public/teacher/gradebook/__next._index.txt
2026-05-24 15:59:40 +0000  copying file ./public/teacher/gradebook/__next.teacher.txt ... 
2026-05-24 15:59:40 +0000  525 bytes for ./public/teacher/gradebook/__next.teacher.txt
2026-05-24 15:59:40 +0000  copying file ./public/teacher/gradebook/__next.teacher.gradebook.__PAGE__.txt ... 
2026-05-24 15:59:40 +0000  1024 bytes for ./public/teacher/gradebook/__next.teacher.gradebook.__PAGE__.txt
2026-05-24 15:59:40 +0000  copying file ./public/teacher/homework.html ... 
2026-05-24 15:59:40 +0000  11746 bytes for ./public/teacher/homework.html
2026-05-24 15:59:40 +0000  copying file ./public/teacher/lessons/__next._tree.txt ... 
2026-05-24 15:59:40 +0000  500 bytes for ./public/teacher/lessons/__next._tree.txt
2026-05-24 15:59:40 +0000  copying file ./public/teacher/lessons/__next._head.txt ... 
2026-05-24 15:59:40 +0000  1825 bytes for ./public/teacher/lessons/__next._head.txt
2026-05-24 15:59:40 +0000  copying file ./public/teacher/lessons/__next._full.txt ... 
2026-05-24 15:59:40 +0000  8002 bytes for ./public/teacher/lessons/__next._full.txt
2026-05-24 15:59:40 +0000  copying file ./public/teacher/lessons/__next._index.txt ... 
2026-05-24 15:59:40 +0000  3548 bytes for ./public/teacher/lessons/__next._index.txt
2026-05-24 15:59:40 +0000  copying file ./public/teacher/lessons/__next.teacher.txt ... 
2026-05-24 15:59:40 +0000  525 bytes for ./public/teacher/lessons/__next.teacher.txt
2026-05-24 15:59:40 +0000  copying file ./public/teacher/lessons/__next.teacher.lessons.txt ... 
2026-05-24 15:59:40 +0000  525 bytes for ./public/teacher/lessons/__next.teacher.lessons.txt
2026-05-24 15:59:40 +0000  copying file ./public/teacher/lessons/__next.teacher.lessons.__PAGE__.txt ... 
2026-05-24 15:59:40 +0000  1024 bytes for ./public/teacher/lessons/__next.teacher.lessons.__PAGE__.txt
2026-05-24 15:59:40 +0000  copying file ./public/teacher/lessons.txt ... 
2026-05-24 15:59:40 +0000  8002 bytes for ./public/teacher/lessons.txt
2026-05-24 15:59:40 +0000  copying file ./public/teacher/__next.teacher.__PAGE__.txt ... 
2026-05-24 15:59:40 +0000  1024 bytes for ./public/teacher/__next.teacher.__PAGE__.txt
2026-05-24 15:59:40 +0000  copying file ./public/teacher/questions/__next._tree.txt ... 
2026-05-24 15:59:40 +0000  502 bytes for ./public/teacher/questions/__next._tree.txt
2026-05-24 15:59:40 +0000  copying file ./public/teacher/questions/__next._head.txt ... 
2026-05-24 15:59:40 +0000  1825 bytes for ./public/teacher/questions/__next._head.txt
2026-05-24 15:59:40 +0000  copying file ./public/teacher/questions/__next.teacher.questions.__PAGE__.txt ... 
2026-05-24 15:59:40 +0000  1024 bytes for ./public/teacher/questions/__next.teacher.questions.__PAGE__.txt
2026-05-24 15:59:40 +0000  copying file ./public/teacher/questions/__next._full.txt ... 
2026-05-24 15:59:40 +0000  8006 bytes for ./public/teacher/questions/__next._full.txt
copying file ./public/teacher/questions/__next._index.txt ... 
2026-05-24 15:59:40 +0000  3548 bytes for ./public/teacher/questions/__next._index.txt
2026-05-24 15:59:40 +0000  copying file ./public/teacher/questions/__next.teacher.txt ... 
2026-05-24 15:59:40 +0000  525 bytes for ./public/teacher/questions/__next.teacher.txt
2026-05-24 15:59:40 +0000  copying file ./public/teacher/questions/__next.teacher.questions.txt ... 
2026-05-24 15:59:40 +0000  525 bytes for ./public/teacher/questions/__next.teacher.questions.txt
2026-05-24 15:59:40 +0000  copying file ./public/teacher/chat.html ... 
2026-05-24 15:59:40 +0000  11738 bytes for ./public/teacher/chat.html
2026-05-24 15:59:40 +0000  copying file ./public/teacher/lessons.html ... 
2026-05-24 15:59:40 +0000  11744 bytes for ./public/teacher/lessons.html
2026-05-24 15:59:40 +0000  copying file ./public/teacher.html ... 
2026-05-24 15:59:40 +0000  11271 bytes for ./public/teacher.html
2026-05-24 15:59:40 +0000  copying file ./public/login/__next._tree.txt ... 
2026-05-24 15:59:40 +0000  427 bytes for ./public/login/__next._tree.txt
2026-05-24 15:59:40 +0000  copying file ./public/login/__next.login.__PAGE__.txt ... 
2026-05-24 15:59:40 +0000  1024 bytes for ./public/login/__next.login.__PAGE__.txt
2026-05-24 15:59:40 +0000  copying file ./public/login/__next._head.txt ... 
2026-05-24 15:59:40 +0000  1825 bytes for ./public/login/__next._head.txt
2026-05-24 15:59:40 +0000  copying file ./public/login/__next._full.txt ... 
2026-05-24 15:59:40 +0000  7589 bytes for ./public/login/__next._full.txt
2026-05-24 15:59:40 +0000  copying file ./public/login/__next._index.txt ... 
2026-05-24 15:59:40 +0000  3548 bytes for ./public/login/__next._index.txt
2026-05-24 15:59:40 +0000  copying file ./public/login/__next.login.txt ... 
2026-05-24 15:59:40 +0000  525 bytes for ./public/login/__next.login.txt
2026-05-24 15:59:40 +0000  copying file ./public/sw.js ... 
2026-05-24 15:59:40 +0000  1181 bytes for ./public/sw.js
2026-05-24 15:59:40 +0000  copying file ./public/offline/__next._tree.txt ... 
2026-05-24 15:59:40 +0000  429 bytes for ./public/offline/__next._tree.txt
2026-05-24 15:59:40 +0000  copying file ./public/offline/__next._head.txt ... 
2026-05-24 15:59:40 +0000  1825 bytes for ./public/offline/__next._head.txt
2026-05-24 15:59:40 +0000  copying file ./public/offline/__next.offline.txt ... 
2026-05-24 15:59:40 +0000  525 bytes for ./public/offline/__next.offline.txt
2026-05-24 15:59:40 +0000  copying file ./public/offline/__next._full.txt ... 
2026-05-24 15:59:40 +0000  7593 bytes for ./public/offline/__next._full.txt
2026-05-24 15:59:40 +0000  copying file ./public/offline/__next._index.txt ... 
2026-05-24 15:59:40 +0000  3548 bytes for ./public/offline/__next._index.txt
2026-05-24 15:59:40 +0000  copying file ./public/offline/__next.offline.__PAGE__.txt ... 
2026-05-24 15:59:40 +0000  1024 bytes for ./public/offline/__next.offline.__PAGE__.txt
2026-05-24 15:59:40 +0000  copying file ./public/_not-found.txt ... 
2026-05-24 15:59:40 +0000  8083 bytes for ./public/_not-found.txt
2026-05-24 15:59:40 +0000  copying file ./Assets.car ... 
2026-05-24 15:59:41 +0000  2188248 bytes for ./Assets.car
2026-05-24 15:59:41 +0000  copying file ./AppIcon76x76@2x~ipad.png ... 
2026-05-24 15:59:41 +0000  41815 bytes for ./AppIcon76x76@2x~ipad.png
2026-05-24 15:59:41 +0000  copying file ./capacitor.config.json ... 
2026-05-24 15:59:41 +0000  194 bytes for ./capacitor.config.json
2026-05-24 15:59:41 +0000  copying file ./Frameworks/Capacitor.framework/_CodeSignature/CodeResources ... 
2026-05-24 15:59:41 +0000  2252 bytes for ./Frameworks/Capacitor.framework/_CodeSignature/CodeResources
2026-05-24 15:59:41 +0000  copying file ./Frameworks/Capacitor.framework/native-bridge.js ... 
2026-05-24 15:59:41 +0000  53467 bytes for ./Frameworks/Capacitor.framework/native-bridge.js
2026-05-24 15:59:41 +0000  copying file ./Frameworks/Capacitor.framework/Capacitor ... 
2026-05-24 15:59:41 +0000  865552 bytes for ./Frameworks/Capacitor.framework/Capacitor
2026-05-24 15:59:41 +0000  copying file ./Frameworks/Capacitor.framework/PrivacyInfo.xcprivacy ... 
2026-05-24 15:59:41 +0000  373 bytes for ./Frameworks/Capacitor.framework/PrivacyInfo.xcprivacy
2026-05-24 15:59:41 +0000  copying file ./Frameworks/Capacitor.framework/Info.plist ... 
2026-05-24 15:59:41 +0000  762 bytes for ./Frameworks/Capacitor.framework/Info.plist
2026-05-24 15:59:41 +0000  copying file ./Frameworks/Cordova.framework/_CodeSignature/CodeResources ... 
2026-05-24 15:59:41 +0000  2034 bytes for ./Frameworks/Cordova.framework/_CodeSignature/CodeResources
2026-05-24 15:59:41 +0000  copying file ./Frameworks/Cordova.framework/Cordova ... 
2026-05-24 15:59:41 +0000  129504 bytes for ./Frameworks/Cordova.framework/Cordova
2026-05-24 15:59:41 +0000  copying file ./Frameworks/Cordova.framework/PrivacyInfo.xcprivacy ... 
2026-05-24 15:59:41 +0000  373 bytes for ./Frameworks/Cordova.framework/PrivacyInfo.xcprivacy
2026-05-24 15:59:41 +0000  copying file ./Frameworks/Cordova.framework/Info.plist ... 
2026-05-24 15:59:41 +0000  794 bytes for ./Frameworks/Cordova.framework/Info.plist
2026-05-24 15:59:41 +0000  copying file ./embedded.mobileprovision ... 
2026-05-24 15:59:41 +0000  12209 bytes for ./embedded.mobileprovision
2026-05-24 15:59:41 +0000  copying file ./Info.plist ... 
2026-05-24 15:59:41 +0000  1950 bytes for ./Info.plist
2026-05-24 15:59:41 +0000  copying file ./PkgInfo ... 
2026-05-24 15:59:41 +0000  8 bytes for ./PkgInfo
2026-05-24 15:59:41 +0000 [MT] /usr/bin/ditto exited with 0
2026-05-24 15:59:41 +0000 [MT] Processing step: IDEDistributionEmbedProfileStep
2026-05-24 15:59:41 +0000 [MT] Skipping profile for item: <IDEDistributionItem: 0x114acd0c0; bundleID='com.capacitorjs.ios.Capacitor', path='<DVTFilePath:0x1190e1de0:'/Users/enamegyir/Developer/Projects/phoenix-international-school/ios/App/build/App.xcarchive/Products/Applications/App.app/Frameworks/Capacitor.framework'>', codeSigningInfo='<_DVTCodeSigningInformation_Path: 0x11bdd62c0; isSigned='1', isAdHocSigned='0', signingCertificate='<DVTSigningCertificate: 0x11c05cd50; name='Apple Development: consulting.enam@gmail.com (8V49CXMHA3)', hash='0847654C1C71F53B10059C51149AF1907C4FB096', serialNumber='7FD3ABB8C8CF5EB6DF912E94D3B0D38E', certificateKinds='(
    "1.2.840.113635.100.6.1.12",
    "1.2.840.113635.100.6.1.2"
), issueDate='2025-06-20 21:50:18 +0000''>', entitlements='(null)', teamID='U5JG38RBYM', identifier='com.capacitorjs.ios.Capacitor', executablePath='<DVTFilePath:0x1190e3050:'/Users/enamegyir/Developer/Projects/phoenix-international-school/ios/App/build/App.xcarchive/Products/Applications/App.app/Frameworks/Capacitor.framework/Capacitor'>', hardenedRuntime='0'>'>
2026-05-24 15:59:41 +0000 [MT] Skipping profile for item: <IDEDistributionItem: 0x11be7dc20; bundleID='com.getcapacitor.ios.CapacitorCordova', path='<DVTFilePath:0x114a81530:'/Users/enamegyir/Developer/Projects/phoenix-international-school/ios/App/build/App.xcarchive/Products/Applications/App.app/Frameworks/Cordova.framework'>', codeSigningInfo='<_DVTCodeSigningInformation_Path: 0x114ac6bb0; isSigned='1', isAdHocSigned='0', signingCertificate='<DVTSigningCertificate: 0x11c0756d0; name='Apple Development: consulting.enam@gmail.com (8V49CXMHA3)', hash='0847654C1C71F53B10059C51149AF1907C4FB096', serialNumber='7FD3ABB8C8CF5EB6DF912E94D3B0D38E', certificateKinds='(
    "1.2.840.113635.100.6.1.12",
    "1.2.840.113635.100.6.1.2"
), issueDate='2025-06-20 21:50:18 +0000''>', entitlements='(null)', teamID='U5JG38RBYM', identifier='com.getcapacitor.ios.CapacitorCordova', executablePath='<DVTFilePath:0x1190c7610:'/Users/enamegyir/Developer/Projects/phoenix-international-school/ios/App/build/App.xcarchive/Products/Applications/App.app/Frameworks/Cordova.framework/Cordova'>', hardenedRuntime='0'>'>
2026-05-24 15:59:41 +0000 [MT] Processing step: IDEDistributionInfoPlistStep
2026-05-24 15:59:41 +0000 [MT] Skipping Info.plist step because item: <IDEDistributionItem: 0x114acd0c0; bundleID='com.capacitorjs.ios.Capacitor', path='<DVTFilePath:0x1190e1de0:'/Users/enamegyir/Developer/Projects/phoenix-international-school/ios/App/build/App.xcarchive/Products/Applications/App.app/Frameworks/Capacitor.framework'>', codeSigningInfo='<_DVTCodeSigningInformation_Path: 0x11bdd62c0; isSigned='1', isAdHocSigned='0', signingCertificate='<DVTSigningCertificate: 0x11be10360; name='Apple Development: consulting.enam@gmail.com (8V49CXMHA3)', hash='0847654C1C71F53B10059C51149AF1907C4FB096', serialNumber='7FD3ABB8C8CF5EB6DF912E94D3B0D38E', certificateKinds='(
    "1.2.840.113635.100.6.1.12",
    "1.2.840.113635.100.6.1.2"
), issueDate='2025-06-20 21:50:18 +0000''>', entitlements='(null)', teamID='U5JG38RBYM', identifier='com.capacitorjs.ios.Capacitor', executablePath='<DVTFilePath:0x1190e3050:'/Users/enamegyir/Developer/Projects/phoenix-international-school/ios/App/build/App.xcarchive/Products/Applications/App.app/Frameworks/Capacitor.framework/Capacitor'>', hardenedRuntime='0'>'> is a framework or embedded in a framework.
2026-05-24 15:59:41 +0000 [MT] Skipping Info.plist step because item: <IDEDistributionItem: 0x11be7dc20; bundleID='com.getcapacitor.ios.CapacitorCordova', path='<DVTFilePath:0x114a81530:'/Users/enamegyir/Developer/Projects/phoenix-international-school/ios/App/build/App.xcarchive/Products/Applications/App.app/Frameworks/Cordova.framework'>', codeSigningInfo='<_DVTCodeSigningInformation_Path: 0x114ac6bb0; isSigned='1', isAdHocSigned='0', signingCertificate='<DVTSigningCertificate: 0x11be10360; name='Apple Development: consulting.enam@gmail.com (8V49CXMHA3)', hash='0847654C1C71F53B10059C51149AF1907C4FB096', serialNumber='7FD3ABB8C8CF5EB6DF912E94D3B0D38E', certificateKinds='(
    "1.2.840.113635.100.6.1.12",
    "1.2.840.113635.100.6.1.2"
), issueDate='2025-06-20 21:50:18 +0000''>', entitlements='(null)', teamID='U5JG38RBYM', identifier='com.getcapacitor.ios.CapacitorCordova', executablePath='<DVTFilePath:0x1190c7610:'/Users/enamegyir/Developer/Projects/phoenix-international-school/ios/App/build/App.xcarchive/Products/Applications/App.app/Frameworks/Cordova.framework/Cordova'>', hardenedRuntime='0'>'> is a framework or embedded in a framework.
2026-05-24 15:59:41 +0000 [MT] Skipping setting DTXcodeBuildDistribution because toolsBuildVersionName was nil.
2026-05-24 15:59:41 +0000 [MT] Processing step: IDEDistributionItemRemovalStep
2026-05-24 15:59:41 +0000 [MT] Processing step: IDEDistributionAppThinningPlistStep
2026-05-24 15:59:41 +0000 [MT] Skipping step: IDEDistributionAppThinningPlistStep because it said so
2026-05-24 15:59:41 +0000 [MT] Processing step: IDEDistributionSymbolsStep
2026-05-24 15:59:41 +0000 [MT] Writing /var/folders/y5/m4lt_4tx3v3grdl78fzhvdcm0000gn/T/XcodeDistPipeline.~~~4TUnRZ/Symbols/9F2D4C8E-CEC6-3B1A-A049-06330DF81210.symbols
2026-05-24 15:59:41 +0000 [MT] Writing /var/folders/y5/m4lt_4tx3v3grdl78fzhvdcm0000gn/T/XcodeDistPipeline.~~~4TUnRZ/Symbols/D33F5A99-B482-3D6B-A3A4-CE3A755D4FBA.symbols
2026-05-24 15:59:41 +0000 [MT] Writing /var/folders/y5/m4lt_4tx3v3grdl78fzhvdcm0000gn/T/XcodeDistPipeline.~~~4TUnRZ/Symbols/AA2E2AAA-BEC0-357F-8DE0-2F87FA094534.symbols
2026-05-24 15:59:41 +0000 [MT] Processing step: IDEDistributionCopyAppleProvidedContentStep
2026-05-24 15:59:41 +0000 [MT] Running /usr/bin/ditto '-V' '/Users/enamegyir/Developer/Projects/phoenix-international-school/ios/App/build/App.xcarchive/Signatures' '/var/folders/y5/m4lt_4tx3v3grdl78fzhvdcm0000gn/T/XcodeDistPipeline.~~~4TUnRZ/Root/Signatures'
2026-05-24 15:59:41 +0000  >>> Copying /Users/enamegyir/Developer/Projects/phoenix-international-school/ios/App/build/App.xcarchive/Signatures 
2026-05-24 15:59:41 +0000  copying file ./Capacitor.xcframework-ios.signature ... 
2026-05-24 15:59:41 +0000  6044 bytes for ./Capacitor.xcframework-ios.signature
2026-05-24 15:59:41 +0000  copying file ./Cordova.xcframework-ios.signature ... 
2026-05-24 15:59:41 +0000  6040 bytes for ./Cordova.xcframework-ios.signature
2026-05-24 15:59:41 +0000 [MT] /usr/bin/ditto exited with 0
2026-05-24 15:59:41 +0000 [MT] Processing step: IDEDistributionAppThinningStep
2026-05-24 15:59:41 +0000 [MT] Skipping step: IDEDistributionAppThinningStep because it said so
2026-05-24 15:59:41 +0000 [MT] Processing step: IDEDistributionArchThinningStep
2026-05-24 15:59:41 +0000 [MT] Archs to thin for item /Users/enamegyir/Developer/Projects/phoenix-international-school/ios/App/build/App.xcarchive/Products/Applications/App.app/Frameworks/Capacitor.framework are []
2026-05-24 15:59:41 +0000 [MT] Archs to thin for item /Users/enamegyir/Developer/Projects/phoenix-international-school/ios/App/build/App.xcarchive/Products/Applications/App.app/Frameworks/Cordova.framework are []
2026-05-24 15:59:41 +0000 [MT] Archs to thin for item /Users/enamegyir/Developer/Projects/phoenix-international-school/ios/App/build/App.xcarchive/Products/Applications/App.app are []
2026-05-24 15:59:41 +0000 [MT] Processing step: IDEDistributionODRStep
2026-05-24 15:59:41 +0000 [MT] Processing step: IDEDistributionStripXattrsStep
2026-05-24 15:59:41 +0000 [MT] Skipping stripping extended attributes because the codesign step will strip them.
2026-05-24 15:59:41 +0000 [MT] Skipping stripping extended attributes because the codesign step will strip them.
2026-05-24 15:59:41 +0000 [MT] Skipping stripping extended attributes because the codesign step will strip them.
2026-05-24 15:59:41 +0000 [MT] Processing step: IDEDistributionCodesignStep
2026-05-24 15:59:41 +0000 [MT] Entitlements for <IDEDistributionItem: 0x114acd0c0; bundleID='com.capacitorjs.ios.Capacitor', path='<DVTFilePath:0x1190e1de0:'/Users/enamegyir/Developer/Projects/phoenix-international-school/ios/App/build/App.xcarchive/Products/Applications/App.app/Frameworks/Capacitor.framework'>', codeSigningInfo='<_DVTCodeSigningInformation_Path: 0x11bdd62c0; isSigned='1', isAdHocSigned='0', signingCertificate='<DVTSigningCertificate: 0x11be31780; name='Apple Development: consulting.enam@gmail.com (8V49CXMHA3)', hash='0847654C1C71F53B10059C51149AF1907C4FB096', serialNumber='7FD3ABB8C8CF5EB6DF912E94D3B0D38E', certificateKinds='(
    "1.2.840.113635.100.6.1.12",
    "1.2.840.113635.100.6.1.2"
), issueDate='2025-06-20 21:50:18 +0000''>', entitlements='(null)', teamID='U5JG38RBYM', identifier='com.capacitorjs.ios.Capacitor', executablePath='<DVTFilePath:0x1190e3050:'/Users/enamegyir/Developer/Projects/phoenix-international-school/ios/App/build/App.xcarchive/Products/Applications/App.app/Frameworks/Capacitor.framework/Capacitor'>', hardenedRuntime='0'>'>: {
}
2026-05-24 15:59:41 +0000 [MT] Associated App Clip Identifiers Filter: Skipping because "com.apple.developer.associated-appclip-app-identifiers" is not present
2026-05-24 15:59:41 +0000 [MT] Entitlements for <IDEDistributionItem: 0x114acd0c0; bundleID='com.capacitorjs.ios.Capacitor', path='<DVTFilePath:0x1190e1de0:'/Users/enamegyir/Developer/Projects/phoenix-international-school/ios/App/build/App.xcarchive/Products/Applications/App.app/Frameworks/Capacitor.framework'>', codeSigningInfo='<_DVTCodeSigningInformation_Path: 0x11bdd62c0; isSigned='1', isAdHocSigned='0', signingCertificate='<DVTSigningCertificate: 0x11be31780; name='Apple Development: consulting.enam@gmail.com (8V49CXMHA3)', hash='0847654C1C71F53B10059C51149AF1907C4FB096', serialNumber='7FD3ABB8C8CF5EB6DF912E94D3B0D38E', certificateKinds='(
    "1.2.840.113635.100.6.1.12",
    "1.2.840.113635.100.6.1.2"
), issueDate='2025-06-20 21:50:18 +0000''>', entitlements='(null)', teamID='U5JG38RBYM', identifier='com.capacitorjs.ios.Capacitor', executablePath='<DVTFilePath:0x1190e3050:'/Users/enamegyir/Developer/Projects/phoenix-international-school/ios/App/build/App.xcarchive/Products/Applications/App.app/Frameworks/Capacitor.framework/Capacitor'>', hardenedRuntime='0'>'> are: {
}
2026-05-24 15:59:41 +0000 [MT] Writing entitlements for <IDEDistributionItem: 0x114acd0c0; bundleID='com.capacitorjs.ios.Capacitor', path='<DVTFilePath:0x1190e1de0:'/Users/enamegyir/Developer/Projects/phoenix-international-school/ios/App/build/App.xcarchive/Products/Applications/App.app/Frameworks/Capacitor.framework'>', codeSigningInfo='<_DVTCodeSigningInformation_Path: 0x11bdd62c0; isSigned='1', isAdHocSigned='0', signingCertificate='<DVTSigningCertificate: 0x114cf7e20; name='Apple Development: consulting.enam@gmail.com (8V49CXMHA3)', hash='0847654C1C71F53B10059C51149AF1907C4FB096', serialNumber='7FD3ABB8C8CF5EB6DF912E94D3B0D38E', certificateKinds='(
    "1.2.840.113635.100.6.1.12",
    "1.2.840.113635.100.6.1.2"
), issueDate='2025-06-20 21:50:18 +0000''>', entitlements='(null)', teamID='U5JG38RBYM', identifier='com.capacitorjs.ios.Capacitor', executablePath='<DVTFilePath:0x1190e3050:'/Users/enamegyir/Developer/Projects/phoenix-international-school/ios/App/build/App.xcarchive/Products/Applications/App.app/Frameworks/Capacitor.framework/Capacitor'>', hardenedRuntime='0'>'> to: /var/folders/y5/m4lt_4tx3v3grdl78fzhvdcm0000gn/T/XcodeDistPipeline.~~~4TUnRZ/entitlements~~~cb5o9w
2026-05-24 15:59:41 +0000 [MT] invoking codesign: <NSConcreteTask: 0x114cfdb70; launchPath='/usr/bin/codesign', arguments='(
    "-f",
    "-s",
    EF6BA330CDAC1025E7B7AEB05225D87A09B4E8C1,
    "--entitlements",
    "/var/folders/y5/m4lt_4tx3v3grdl78fzhvdcm0000gn/T/XcodeDistPipeline.~~~4TUnRZ/entitlements~~~cb5o9w",
    "--preserve-metadata=identifier,flags,runtime,launch-constraints,library-constraints",
    "--generate-entitlement-der",
    "--strip-disallowed-xattrs",
    "-vvv",
    "/var/folders/y5/m4lt_4tx3v3grdl78fzhvdcm0000gn/T/XcodeDistPipeline.~~~4TUnRZ/Root/Payload/App.app/Frameworks/Capacitor.framework"
)'>
2026-05-24 15:59:41 +0000 [MT] codesign output: /var/folders/y5/m4lt_4tx3v3grdl78fzhvdcm0000gn/T/XcodeDistPipeline.~~~4TUnRZ/Root/Payload/App.app/Frameworks/Capacitor.framework: replacing existing signature
/var/folders/y5/m4lt_4tx3v3grdl78fzhvdcm0000gn/T/XcodeDistPipeline.~~~4TUnRZ/Root/Payload/App.app/Frameworks/Capacitor.framework: signed bundle with Mach-O thin (arm64) [com.capacitorjs.ios.Capacitor]
2026-05-24 15:59:41 +0000 [MT] Entitlements for <IDEDistributionItem: 0x11be7dc20; bundleID='com.getcapacitor.ios.CapacitorCordova', path='<DVTFilePath:0x114a81530:'/Users/enamegyir/Developer/Projects/phoenix-international-school/ios/App/build/App.xcarchive/Products/Applications/App.app/Frameworks/Cordova.framework'>', codeSigningInfo='<_DVTCodeSigningInformation_Path: 0x114ac6bb0; isSigned='1', isAdHocSigned='0', signingCertificate='<DVTSigningCertificate: 0x11be1b650; name='Apple Development: consulting.enam@gmail.com (8V49CXMHA3)', hash='0847654C1C71F53B10059C51149AF1907C4FB096', serialNumber='7FD3ABB8C8CF5EB6DF912E94D3B0D38E', certificateKinds='(
    "1.2.840.113635.100.6.1.12",
    "1.2.840.113635.100.6.1.2"
), issueDate='2025-06-20 21:50:18 +0000''>', entitlements='(null)', teamID='U5JG38RBYM', identifier='com.getcapacitor.ios.CapacitorCordova', executablePath='<DVTFilePath:0x1190c7610:'/Users/enamegyir/Developer/Projects/phoenix-international-school/ios/App/build/App.xcarchive/Products/Applications/App.app/Frameworks/Cordova.framework/Cordova'>', hardenedRuntime='0'>'>: {
}
2026-05-24 15:59:41 +0000 [MT] Associated App Clip Identifiers Filter: Skipping because "com.apple.developer.associated-appclip-app-identifiers" is not present
2026-05-24 15:59:41 +0000 [MT] Entitlements for <IDEDistributionItem: 0x11be7dc20; bundleID='com.getcapacitor.ios.CapacitorCordova', path='<DVTFilePath:0x114a81530:'/Users/enamegyir/Developer/Projects/phoenix-international-school/ios/App/build/App.xcarchive/Products/Applications/App.app/Frameworks/Cordova.framework'>', codeSigningInfo='<_DVTCodeSigningInformation_Path: 0x114ac6bb0; isSigned='1', isAdHocSigned='0', signingCertificate='<DVTSigningCertificate: 0x11be38cb0; name='Apple Development: consulting.enam@gmail.com (8V49CXMHA3)', hash='0847654C1C71F53B10059C51149AF1907C4FB096', serialNumber='7FD3ABB8C8CF5EB6DF912E94D3B0D38E', certificateKinds='(
    "1.2.840.113635.100.6.1.12",
    "1.2.840.113635.100.6.1.2"
), issueDate='2025-06-20 21:50:18 +0000''>', entitlements='(null)', teamID='U5JG38RBYM', identifier='com.getcapacitor.ios.CapacitorCordova', executablePath='<DVTFilePath:0x1190c7610:'/Users/enamegyir/Developer/Projects/phoenix-international-school/ios/App/build/App.xcarchive/Products/Applications/App.app/Frameworks/Cordova.framework/Cordova'>', hardenedRuntime='0'>'> are: {
}
2026-05-24 15:59:41 +0000 [MT] Writing entitlements for <IDEDistributionItem: 0x11be7dc20; bundleID='com.getcapacitor.ios.CapacitorCordova', path='<DVTFilePath:0x114a81530:'/Users/enamegyir/Developer/Projects/phoenix-international-school/ios/App/build/App.xcarchive/Products/Applications/App.app/Frameworks/Cordova.framework'>', codeSigningInfo='<_DVTCodeSigningInformation_Path: 0x114ac6bb0; isSigned='1', isAdHocSigned='0', signingCertificate='<DVTSigningCertificate: 0x11be34a10; name='Apple Development: consulting.enam@gmail.com (8V49CXMHA3)', hash='0847654C1C71F53B10059C51149AF1907C4FB096', serialNumber='7FD3ABB8C8CF5EB6DF912E94D3B0D38E', certificateKinds='(
    "1.2.840.113635.100.6.1.12",
    "1.2.840.113635.100.6.1.2"
), issueDate='2025-06-20 21:50:18 +0000''>', entitlements='(null)', teamID='U5JG38RBYM', identifier='com.getcapacitor.ios.CapacitorCordova', executablePath='<DVTFilePath:0x1190c7610:'/Users/enamegyir/Developer/Projects/phoenix-international-school/ios/App/build/App.xcarchive/Products/Applications/App.app/Frameworks/Cordova.framework/Cordova'>', hardenedRuntime='0'>'> to: /var/folders/y5/m4lt_4tx3v3grdl78fzhvdcm0000gn/T/XcodeDistPipeline.~~~4TUnRZ/entitlements~~~KRSifh
2026-05-24 15:59:41 +0000 [MT] invoking codesign: <NSConcreteTask: 0x1190085c0; launchPath='/usr/bin/codesign', arguments='(
    "-f",
    "-s",
    EF6BA330CDAC1025E7B7AEB05225D87A09B4E8C1,
    "--entitlements",
    "/var/folders/y5/m4lt_4tx3v3grdl78fzhvdcm0000gn/T/XcodeDistPipeline.~~~4TUnRZ/entitlements~~~KRSifh",
    "--preserve-metadata=identifier,flags,runtime,launch-constraints,library-constraints",
    "--generate-entitlement-der",
    "--strip-disallowed-xattrs",
    "-vvv",
    "/var/folders/y5/m4lt_4tx3v3grdl78fzhvdcm0000gn/T/XcodeDistPipeline.~~~4TUnRZ/Root/Payload/App.app/Frameworks/Cordova.framework"
)'>
2026-05-24 15:59:41 +0000 [MT] codesign output: /var/folders/y5/m4lt_4tx3v3grdl78fzhvdcm0000gn/T/XcodeDistPipeline.~~~4TUnRZ/Root/Payload/App.app/Frameworks/Cordova.framework: replacing existing signature
/var/folders/y5/m4lt_4tx3v3grdl78fzhvdcm0000gn/T/XcodeDistPipeline.~~~4TUnRZ/Root/Payload/App.app/Frameworks/Cordova.framework: signed bundle with Mach-O thin (arm64) [com.getcapacitor.ios.CapacitorCordova]
2026-05-24 15:59:41 +0000 [MT] Entitlements for <IDEDistributionItem: 0x11bdd6aa0; bundleID='gh.edu.phoenixintlschool', path='<DVTFilePath:0x113959dd0:'/Users/enamegyir/Developer/Projects/phoenix-international-school/ios/App/build/App.xcarchive/Products/Applications/App.app'>', codeSigningInfo='<_DVTCodeSigningInformation_Path: 0x11bdd93e0; isSigned='1', isAdHocSigned='0', signingCertificate='<DVTSigningCertificate: 0x11be34d90; name='Apple Development: consulting.enam@gmail.com (8V49CXMHA3)', hash='0847654C1C71F53B10059C51149AF1907C4FB096', serialNumber='7FD3ABB8C8CF5EB6DF912E94D3B0D38E', certificateKinds='(
    "1.2.840.113635.100.6.1.12",
    "1.2.840.113635.100.6.1.2"
), issueDate='2025-06-20 21:50:18 +0000''>', entitlements='{
    "application-identifier" = "U5JG38RBYM.gh.edu.phoenixintlschool";
    "com.apple.developer.team-identifier" = U5JG38RBYM;
    "get-task-allow" = 1;
}', teamID='U5JG38RBYM', identifier='gh.edu.phoenixintlschool', executablePath='<DVTFilePath:0x114a4fb40:'/Users/enamegyir/Developer/Projects/phoenix-international-school/ios/App/build/App.xcarchive/Products/Applications/App.app/App'>', hardenedRuntime='0'>'>: {
    "application-identifier" = "U5JG38RBYM.gh.edu.phoenixintlschool";
    "beta-reports-active" = 1;
    "com.apple.developer.team-identifier" = U5JG38RBYM;
    "get-task-allow" = 0;
}
2026-05-24 15:59:41 +0000 [MT] Associated App Clip Identifiers Filter: Skipping because "com.apple.developer.associated-appclip-app-identifiers" is not present
2026-05-24 15:59:41 +0000 [MT] Entitlements for <IDEDistributionItem: 0x11bdd6aa0; bundleID='gh.edu.phoenixintlschool', path='<DVTFilePath:0x113959dd0:'/Users/enamegyir/Developer/Projects/phoenix-international-school/ios/App/build/App.xcarchive/Products/Applications/App.app'>', codeSigningInfo='<_DVTCodeSigningInformation_Path: 0x11bdd93e0; isSigned='1', isAdHocSigned='0', signingCertificate='<DVTSigningCertificate: 0x1149cc530; name='Apple Development: consulting.enam@gmail.com (8V49CXMHA3)', hash='0847654C1C71F53B10059C51149AF1907C4FB096', serialNumber='7FD3ABB8C8CF5EB6DF912E94D3B0D38E', certificateKinds='(
    "1.2.840.113635.100.6.1.12",
    "1.2.840.113635.100.6.1.2"
), issueDate='2025-06-20 21:50:18 +0000''>', entitlements='{
    "application-identifier" = "U5JG38RBYM.gh.edu.phoenixintlschool";
    "com.apple.developer.team-identifier" = U5JG38RBYM;
    "get-task-allow" = 1;
}', teamID='U5JG38RBYM', identifier='gh.edu.phoenixintlschool', executablePath='<DVTFilePath:0x114a4fb40:'/Users/enamegyir/Developer/Projects/phoenix-international-school/ios/App/build/App.xcarchive/Products/Applications/App.app/App'>', hardenedRuntime='0'>'> are: {
    "application-identifier" = "U5JG38RBYM.gh.edu.phoenixintlschool";
    "beta-reports-active" = 1;
    "com.apple.developer.team-identifier" = U5JG38RBYM;
    "get-task-allow" = 0;
}
2026-05-24 15:59:41 +0000 [MT] Writing entitlements for <IDEDistributionItem: 0x11bdd6aa0; bundleID='gh.edu.phoenixintlschool', path='<DVTFilePath:0x113959dd0:'/Users/enamegyir/Developer/Projects/phoenix-international-school/ios/App/build/App.xcarchive/Products/Applications/App.app'>', codeSigningInfo='<_DVTCodeSigningInformation_Path: 0x11bdd93e0; isSigned='1', isAdHocSigned='0', signingCertificate='<DVTSigningCertificate: 0x11be38d30; name='Apple Development: consulting.enam@gmail.com (8V49CXMHA3)', hash='0847654C1C71F53B10059C51149AF1907C4FB096', serialNumber='7FD3ABB8C8CF5EB6DF912E94D3B0D38E', certificateKinds='(
    "1.2.840.113635.100.6.1.12",
    "1.2.840.113635.100.6.1.2"
), issueDate='2025-06-20 21:50:18 +0000''>', entitlements='{
    "application-identifier" = "U5JG38RBYM.gh.edu.phoenixintlschool";
    "com.apple.developer.team-identifier" = U5JG38RBYM;
    "get-task-allow" = 1;
}', teamID='U5JG38RBYM', identifier='gh.edu.phoenixintlschool', executablePath='<DVTFilePath:0x114a4fb40:'/Users/enamegyir/Developer/Projects/phoenix-international-school/ios/App/build/App.xcarchive/Products/Applications/App.app/App'>', hardenedRuntime='0'>'> to: /var/folders/y5/m4lt_4tx3v3grdl78fzhvdcm0000gn/T/XcodeDistPipeline.~~~4TUnRZ/entitlements~~~Xi1pBR
2026-05-24 15:59:41 +0000 [MT] invoking codesign: <NSConcreteTask: 0x11bdb16a0; launchPath='/usr/bin/codesign', arguments='(
    "-f",
    "-s",
    EF6BA330CDAC1025E7B7AEB05225D87A09B4E8C1,
    "--entitlements",
    "/var/folders/y5/m4lt_4tx3v3grdl78fzhvdcm0000gn/T/XcodeDistPipeline.~~~4TUnRZ/entitlements~~~Xi1pBR",
    "--preserve-metadata=identifier,flags,runtime,launch-constraints,library-constraints",
    "--generate-entitlement-der",
    "--strip-disallowed-xattrs",
    "-vvv",
    "/var/folders/y5/m4lt_4tx3v3grdl78fzhvdcm0000gn/T/XcodeDistPipeline.~~~4TUnRZ/Root/Payload/App.app"
)'>
2026-05-24 15:59:41 +0000 [MT] codesign output: /var/folders/y5/m4lt_4tx3v3grdl78fzhvdcm0000gn/T/XcodeDistPipeline.~~~4TUnRZ/Root/Payload/App.app: replacing existing signature
/var/folders/y5/m4lt_4tx3v3grdl78fzhvdcm0000gn/T/XcodeDistPipeline.~~~4TUnRZ/Root/Payload/App.app: signed app bundle with Mach-O thin (arm64) [gh.edu.phoenixintlschool]
2026-05-24 15:59:41 +0000 [MT] Processing step: IDEDistributionZipODRItemStep
2026-05-24 15:59:41 +0000 [MT] Skipping step: IDEDistributionZipODRItemStep because it said so
2026-05-24 15:59:41 +0000 [MT] Skipping step: IDEDistributionZipODRItemStep because it said so
2026-05-24 15:59:41 +0000 [MT] Skipping step: IDEDistributionZipODRItemStep because it said so
2026-05-24 15:59:41 +0000 [MT] Processing step: IDEDistributionCreateIPAStep
2026-05-24 15:59:41 +0000 [MT] Running /usr/bin/rsync '-8aPhhE' '/var/folders/y5/m4lt_4tx3v3grdl78fzhvdcm0000gn/T/XcodeDistPipeline.~~~4TUnRZ/Symbols' '--link-dest' '/var/folders/y5/m4lt_4tx3v3grdl78fzhvdcm0000gn/T/XcodeDistPipeline.~~~4TUnRZ' '/var/folders/y5/m4lt_4tx3v3grdl78fzhvdcm0000gn/T/XcodeDistPipeline.~~~4TUnRZ/Root'
2026-05-24 15:59:41 +0000  Symbols/
._Symbols
            163 102%    1.92MB/s   00:00:00 (xfer#1, to-check=0/8)
2026-05-24 15:59:41 +0000  Symbols/9F2D4C8E-CEC6-3B1A-A049-06330DF81210.symbols
Symbols/AA2E2AAA-BEC0-357F-8DE0-2F87FA094534.symbols
Symbols/D33F5A99-B482-3D6B-A3A4-CE3A755D4FBA.symbols
Symbols/._9F2D4C8E-CEC6-3B1A-A049-06330DF81210.symbols
            163   0%  375.51KB/s   00:00:00 (xfer#2, to-check=2/8)
2026-05-24 15:59:41 +0000  Symbols/._AA2E2AAA-BEC0-357F-8DE0-2F87FA094534.symbols
            163   0%  425.52KB/s   00:00:00 (xfer#3, to-check=3/8)
2026-05-24 15:59:41 +0000  Symbols/._D33F5A99-B482-3D6B-A3A4-CE3A755D4FBA.symbols
            163   0%  351.39KB/s   00:00:00 (xfer#4, to-check=4/8)
2026-05-24 15:59:41 +0000 [MT] /usr/bin/rsync exited with 0
2026-05-24 15:59:41 +0000 [MT] Running /usr/bin/ditto '-V' '-c' '-k' '--norsrc' '/var/folders/y5/m4lt_4tx3v3grdl78fzhvdcm0000gn/T/XcodeDistPipeline.~~~4TUnRZ/Root' '/var/folders/y5/m4lt_4tx3v3grdl78fzhvdcm0000gn/T/XcodeDistPipeline.~~~4TUnRZ/Packages/App.ipa'
2026-05-24 15:59:41 +0000  >>> Copying /var/folders/y5/m4lt_4tx3v3grdl78fzhvdcm0000gn/T/XcodeDistPipeline.~~~4TUnRZ/Root 
2026-05-24 15:59:41 +0000  copying file ./Signatures/Capacitor.xcframework-ios.signature ... 
2026-05-24 15:59:41 +0000  6044 bytes for ./Signatures/Capacitor.xcframework-ios.signature
2026-05-24 15:59:41 +0000  copying file ./Signatures/Cordova.xcframework-ios.signature ... 
2026-05-24 15:59:41 +0000  6040 bytes for ./Signatures/Cordova.xcframework-ios.signature
2026-05-24 15:59:41 +0000  copying file ./Payload/App.app/_CodeSignature/CodeResources ... 
2026-05-24 15:59:41 +0000  206377 bytes for ./Payload/App.app/_CodeSignature/CodeResources
2026-05-24 15:59:41 +0000  copying file ./Payload/App.app/App ... 
2026-05-24 15:59:41 +0000  202288 bytes for ./Payload/App.app/App
2026-05-24 15:59:41 +0000  copying file ./Payload/App.app/AppIcon60x60@2x.png ... 
2026-05-24 15:59:41 +0000  26757 bytes for ./Payload/App.app/AppIcon60x60@2x.png
2026-05-24 15:59:41 +0000  copying file ./Payload/App.app/Base.lproj/Main.storyboardc/UIViewController-BYZ-38-t0r.nib ... 
2026-05-24 15:59:41 +0000  858 bytes for ./Payload/App.app/Base.lproj/Main.storyboardc/UIViewController-BYZ-38-t0r.nib
2026-05-24 15:59:41 +0000  copying file ./Payload/App.app/Base.lproj/Main.storyboardc/Info.plist ... 
2026-05-24 15:59:41 +0000  258 bytes for ./Payload/App.app/Base.lproj/Main.storyboardc/Info.plist
2026-05-24 15:59:41 +0000  copying file ./Payload/App.app/Base.lproj/LaunchScreen.storyboardc/01J-lp-oVM-view-snD-IY-ifK.nib ... 
2026-05-24 15:59:41 +0000  1278 bytes for ./Payload/App.app/Base.lproj/LaunchScreen.storyboardc/01J-lp-oVM-view-snD-IY-ifK.nib
2026-05-24 15:59:41 +0000  copying file ./Payload/App.app/Base.lproj/LaunchScreen.storyboardc/UIViewController-01J-lp-oVM.nib ... 
2026-05-24 15:59:41 +0000  924 bytes for ./Payload/App.app/Base.lproj/LaunchScreen.storyboardc/UIViewController-01J-lp-oVM.nib
2026-05-24 15:59:41 +0000  copying file ./Payload/App.app/Base.lproj/LaunchScreen.storyboardc/Info.plist ... 
2026-05-24 15:59:41 +0000  258 bytes for ./Payload/App.app/Base.lproj/LaunchScreen.storyboardc/Info.plist
2026-05-24 15:59:41 +0000  copying file ./Payload/App.app/config.xml ... 
2026-05-24 15:59:41 +0000  185 bytes for ./Payload/App.app/config.xml
2026-05-24 15:59:41 +0000  copying file ./Payload/App.app/public/__next._tree.txt ... 
2026-05-24 15:59:41 +0000  358 bytes for ./Payload/App.app/public/__next._tree.txt
2026-05-24 15:59:41 +0000  copying file ./Payload/App.app/public/principal/__next.principal.txt ... 
2026-05-24 15:59:41 +0000  525 bytes for ./Payload/App.app/public/principal/__next.principal.txt
2026-05-24 15:59:41 +0000  copying file ./Payload/App.app/public/principal/__next._tree.txt ... 
431 bytes for ./Payload/App.app/public/principal/__next._tree.txt
2026-05-24 15:59:41 +0000  copying file ./Payload/App.app/public/principal/__next._head.txt ... 
2026-05-24 15:59:41 +0000  1825 bytes for ./Payload/App.app/public/principal/__next._head.txt
2026-05-24 15:59:41 +0000  copying file ./Payload/App.app/public/principal/__next._full.txt ... 
2026-05-24 15:59:41 +0000  7597 bytes for ./Payload/App.app/public/principal/__next._full.txt
2026-05-24 15:59:41 +0000  copying file ./Payload/App.app/public/principal/__next._index.txt ... 
2026-05-24 15:59:41 +0000  3548 bytes for ./Payload/App.app/public/principal/__next._index.txt
2026-05-24 15:59:41 +0000  copying file ./Payload/App.app/public/principal/__next.principal.__PAGE__.txt ... 
2026-05-24 15:59:41 +0000  1024 bytes for ./Payload/App.app/public/principal/__next.principal.__PAGE__.txt
2026-05-24 15:59:41 +0000  copying file ./Payload/App.app/public/_next/static/dOIVWVitMxP7K7EIJmO63/_ssgManifest.js ... 
2026-05-24 15:59:41 +0000  80 bytes for ./Payload/App.app/public/_next/static/dOIVWVitMxP7K7EIJmO63/_ssgManifest.js
2026-05-24 15:59:41 +0000  copying file ./Payload/App.app/public/_next/static/dOIVWVitMxP7K7EIJmO63/_clientMiddlewareManifest.js ... 
2026-05-24 15:59:41 +0000  96 bytes for ./Payload/App.app/public/_next/static/dOIVWVitMxP7K7EIJmO63/_clientMiddlewareManifest.js
2026-05-24 15:59:41 +0000  copying file ./Payload/App.app/public/_next/static/dOIVWVitMxP7K7EIJmO63/_buildManifest.js ... 
2026-05-24 15:59:41 +0000  219 bytes for ./Payload/App.app/public/_next/static/dOIVWVitMxP7K7EIJmO63/_buildManifest.js
2026-05-24 15:59:41 +0000  copying file ./Payload/App.app/public/_next/static/chunks/0dktr0jrazvim.js ... 
2026-05-24 15:59:41 +0000  140248 bytes for ./Payload/App.app/public/_next/static/chunks/0dktr0jrazvim.js
2026-05-24 15:59:41 +0000  copying file ./Payload/App.app/public/_next/static/chunks/0lbolnw5ad_nn.js ... 
2026-05-24 15:59:41 +0000  8187 bytes for ./Payload/App.app/public/_next/static/chunks/0lbolnw5ad_nn.js
2026-05-24 15:59:41 +0000  copying file ./Payload/App.app/public/_next/static/chunks/0qrqjjp2ehnjl.js ... 
2026-05-24 15:59:41 +0000  18897 bytes for ./Payload/App.app/public/_next/static/chunks/0qrqjjp2ehnjl.js
2026-05-24 15:59:41 +0000  copying file ./Payload/App.app/public/_next/static/chunks/0b13gfnvwb8.p.js ... 
2026-05-24 15:59:41 +0000  31614 bytes for ./Payload/App.app/public/_next/static/chunks/0b13gfnvwb8.p.js
2026-05-24 15:59:41 +0000  copying file ./Payload/App.app/public/_next/static/chunks/17h1j4u.z89w5.js ... 
2026-05-24 15:59:41 +0000  10825 bytes for ./Payload/App.app/public/_next/static/chunks/17h1j4u.z89w5.js
2026-05-24 15:59:41 +0000  copying file ./Payload/App.app/public/_next/static/chunks/01g9z8jxy0i0x.js ... 
2026-05-24 15:59:41 +0000  32466 bytes for ./Payload/App.app/public/_next/static/chunks/01g9z8jxy0i0x.js
2026-05-24 15:59:41 +0000  copying file ./Payload/App.app/public/_next/static/chunks/0i637hqz6s5px.js ... 
2026-05-24 15:59:41 +0000  7869 bytes for ./Payload/App.app/public/_next/static/chunks/0i637hqz6s5px.js
2026-05-24 15:59:41 +0000  copying file ./Payload/App.app/public/_next/static/chunks/0advfdn5svy~n.css ... 
2026-05-24 15:59:41 +0000  63726 bytes for ./Payload/App.app/public/_next/static/chunks/0advfdn5svy~n.css
2026-05-24 15:59:41 +0000  copying file ./Payload/App.app/public/_next/static/chunks/0-wyxqr-i-b6_.js ... 
2026-05-24 15:59:41 +0000  15875 bytes for ./Payload/App.app/public/_next/static/chunks/0-wyxqr-i-b6_.js
2026-05-24 15:59:41 +0000  copying file ./Payload/App.app/public/_next/static/chunks/03q7ban75p78y.js ... 
2026-05-24 15:59:41 +0000  40579 bytes for ./Payload/App.app/public/_next/static/chunks/03q7ban75p78y.js
2026-05-24 15:59:41 +0000  copying file ./Payload/App.app/public/_next/static/chunks/0gscbv2oo_ix7.js ... 
2026-05-24 15:59:41 +0000  32497 bytes for ./Payload/App.app/public/_next/static/chunks/0gscbv2oo_ix7.js
2026-05-24 15:59:41 +0000  copying file ./Payload/App.app/public/_next/static/chunks/0t6.-stohdt0b.js ... 
2026-05-24 15:59:41 +0000  7250 bytes for ./Payload/App.app/public/_next/static/chunks/0t6.-stohdt0b.js
2026-05-24 15:59:41 +0000  copying file ./Payload/App.app/public/_next/static/chunks/0h8_zux3hx_gn.js ... 
2026-05-24 15:59:41 +0000  34518 bytes for ./Payload/App.app/public/_next/static/chunks/0h8_zux3hx_gn.js
2026-05-24 15:59:41 +0000  copying file ./Payload/App.app/public/_next/static/chunks/0apl9uorfp1ml.js ... 
2026-05-24 15:59:41 +0000  7598 bytes for ./Payload/App.app/public/_next/static/chunks/0apl9uorfp1ml.js
2026-05-24 15:59:41 +0000  copying file ./Payload/App.app/public/_next/static/chunks/08x2w-mro3gxg.js ... 
2026-05-24 15:59:41 +0000  30502 bytes for ./Payload/App.app/public/_next/static/chunks/08x2w-mro3gxg.js
2026-05-24 15:59:41 +0000  copying file ./Payload/App.app/public/_next/static/chunks/0v.rxeng0yicp.js ... 
2026-05-24 15:59:41 +0000  29691 bytes for ./Payload/App.app/public/_next/static/chunks/0v.rxeng0yicp.js
2026-05-24 15:59:41 +0000  copying file ./Payload/App.app/public/_next/static/chunks/03de110lbwwfm.js ... 
2026-05-24 15:59:41 +0000  29350 bytes for ./Payload/App.app/public/_next/static/chunks/03de110lbwwfm.js
2026-05-24 15:59:41 +0000  copying file ./Payload/App.app/public/_next/static/chunks/03~yq9q893hmn.js ... 
2026-05-24 15:59:41 +0000  112594 bytes for ./Payload/App.app/public/_next/static/chunks/03~yq9q893hmn.js
2026-05-24 15:59:41 +0000  copying file ./Payload/App.app/public/_next/static/chunks/0-9cy09p7ozwy.js ... 
2026-05-24 15:59:41 +0000  34381 bytes for ./Payload/App.app/public/_next/static/chunks/0-9cy09p7ozwy.js
copying file ./Payload/App.app/public/_next/static/chunks/0d3shmwh5_nmn.js ... 
2026-05-24 15:59:41 +0000  54646 bytes for ./Payload/App.app/public/_next/static/chunks/0d3shmwh5_nmn.js
2026-05-24 15:59:41 +0000  copying file ./Payload/App.app/public/_next/static/chunks/0m9.p3woalzt-.js ... 
2026-05-24 15:59:41 +0000  23024 bytes for ./Payload/App.app/public/_next/static/chunks/0m9.p3woalzt-.js
copying file ./Payload/App.app/public/_next/static/chunks/0b_4ren8lxj~q.js ... 
2026-05-24 15:59:41 +0000  7880 bytes for ./Payload/App.app/public/_next/static/chunks/0b_4ren8lxj~q.js
2026-05-24 15:59:41 +0000  copying file ./Payload/App.app/public/_next/static/chunks/12l6~jz-2rf1..js ... 
2026-05-24 15:59:41 +0000  18903 bytes for ./Payload/App.app/public/_next/static/chunks/12l6~jz-2rf1..js
2026-05-24 15:59:41 +0000  copying file ./Payload/App.app/public/_next/static/chunks/12w5.gnm6-rvi.js ... 
2026-05-24 15:59:41 +0000  14154 bytes for ./Payload/App.app/public/_next/static/chunks/12w5.gnm6-rvi.js
2026-05-24 15:59:41 +0000  copying file ./Payload/App.app/public/_next/static/chunks/0aiqtsjwfv0qf.js ... 
2026-05-24 15:59:41 +0000  354826 bytes for ./Payload/App.app/public/_next/static/chunks/0aiqtsjwfv0qf.js
copying file ./Payload/App.app/public/_next/static/chunks/15ilz1at_l0qu.js ... 
2026-05-24 15:59:41 +0000  31421 bytes for ./Payload/App.app/public/_next/static/chunks/15ilz1at_l0qu.js
2026-05-24 15:59:41 +0000  copying file ./Payload/App.app/public/_next/static/chunks/0zdmi2ngnrea..js ... 
2026-05-24 15:59:41 +0000  18315 bytes for ./Payload/App.app/public/_next/static/chunks/0zdmi2ngnrea..js
2026-05-24 15:59:41 +0000  copying file ./Payload/App.app/public/_next/static/chunks/0p5or-xu4nl91.js ... 
2026-05-24 15:59:41 +0000  29051 bytes for ./Payload/App.app/public/_next/static/chunks/0p5or-xu4nl91.js
2026-05-24 15:59:41 +0000  copying file ./Payload/App.app/public/_next/static/chunks/0_i3a5t~gba3l.js ... 
2026-05-24 15:59:41 +0000  21283 bytes for ./Payload/App.app/public/_next/static/chunks/0_i3a5t~gba3l.js
2026-05-24 15:59:41 +0000  copying file ./Payload/App.app/public/_next/static/chunks/0y-t-6305n~xu.js ... 
2026-05-24 15:59:41 +0000  20396 bytes for ./Payload/App.app/public/_next/static/chunks/0y-t-6305n~xu.js
2026-05-24 15:59:41 +0000  copying file ./Payload/App.app/public/_next/static/chunks/0ikjlzt5juu-..js ... 
2026-05-24 15:59:41 +0000  32109 bytes for ./Payload/App.app/public/_next/static/chunks/0ikjlzt5juu-..js
2026-05-24 15:59:41 +0000  copying file ./Payload/App.app/public/_next/static/chunks/16l-qpgyselib.js ... 
2026-05-24 15:59:41 +0000  33036 bytes for ./Payload/App.app/public/_next/static/chunks/16l-qpgyselib.js
2026-05-24 15:59:41 +0000  copying file ./Payload/App.app/public/_next/static/chunks/09e20ngfa4iv1.js ... 
2026-05-24 15:59:41 +0000  26087 bytes for ./Payload/App.app/public/_next/static/chunks/09e20ngfa4iv1.js
2026-05-24 15:59:41 +0000  copying file ./Payload/App.app/public/_next/static/chunks/169_vrir7i-d..js ... 
2026-05-24 15:59:41 +0000  47641 bytes for ./Payload/App.app/public/_next/static/chunks/169_vrir7i-d..js
2026-05-24 15:59:41 +0000  copying file ./Payload/App.app/public/_next/static/chunks/0rpjnemkz_7qy.js ... 
2026-05-24 15:59:41 +0000  10587 bytes for ./Payload/App.app/public/_next/static/chunks/0rpjnemkz_7qy.js
2026-05-24 15:59:41 +0000  copying file ./Payload/App.app/public/_next/static/chunks/0s9~-t8xo20s_.js ... 
2026-05-24 15:59:41 +0000  24894 bytes for ./Payload/App.app/public/_next/static/chunks/0s9~-t8xo20s_.js
2026-05-24 15:59:41 +0000  copying file ./Payload/App.app/public/_next/static/chunks/03639_h90sh4-.js ... 
2026-05-24 15:59:41 +0000  3127 bytes for ./Payload/App.app/public/_next/static/chunks/03639_h90sh4-.js
2026-05-24 15:59:41 +0000  copying file ./Payload/App.app/public/_next/static/chunks/12lvmmonru_4h.js ... 
2026-05-24 15:59:41 +0000  9903 bytes for ./Payload/App.app/public/_next/static/chunks/12lvmmonru_4h.js
2026-05-24 15:59:41 +0000  copying file ./Payload/App.app/public/_next/static/chunks/0ld2us8picqz8.js ... 
2026-05-24 15:59:41 +0000  3528 bytes for ./Payload/App.app/public/_next/static/chunks/0ld2us8picqz8.js
2026-05-24 15:59:41 +0000  copying file ./Payload/App.app/public/_next/static/chunks/0~uurj4wwn1y3.js ... 
2026-05-24 15:59:41 +0000  15164 bytes for ./Payload/App.app/public/_next/static/chunks/0~uurj4wwn1y3.js
2026-05-24 15:59:41 +0000  copying file ./Payload/App.app/public/_next/static/chunks/075f1jzux3i3a.js ... 
2026-05-24 15:59:41 +0000  5212 bytes for ./Payload/App.app/public/_next/static/chunks/075f1jzux3i3a.js
2026-05-24 15:59:41 +0000  copying file ./Payload/App.app/public/_next/static/chunks/0x.ldcpvfky5f.js ... 
2026-05-24 15:59:41 +0000  28910 bytes for ./Payload/App.app/public/_next/static/chunks/0x.ldcpvfky5f.js
2026-05-24 15:59:41 +0000  copying file ./Payload/App.app/public/_next/static/chunks/02fo_25u_uqj0.js ... 
2026-05-24 15:59:41 +0000  7757 bytes for ./Payload/App.app/public/_next/static/chunks/02fo_25u_uqj0.js
2026-05-24 15:59:41 +0000  copying file ./Payload/App.app/public/_next/static/chunks/0ijsybfe_wh3v.js ... 
2026-05-24 15:59:41 +0000  44167 bytes for ./Payload/App.app/public/_next/static/chunks/0ijsybfe_wh3v.js
2026-05-24 15:59:41 +0000  copying file ./Payload/App.app/public/_next/static/chunks/0oz1j38m_l3aa.js ... 
2026-05-24 15:59:41 +0000  33920 bytes for ./Payload/App.app/public/_next/static/chunks/0oz1j38m_l3aa.js
2026-05-24 15:59:41 +0000  copying file ./Payload/App.app/public/_next/static/chunks/02at3drszo60w.js ... 
2026-05-24 15:59:41 +0000  6731 bytes for ./Payload/App.app/public/_next/static/chunks/02at3drszo60w.js
2026-05-24 15:59:41 +0000  copying file ./Payload/App.app/public/_next/static/chunks/0r4hte1ip3.kd.js ... 
2026-05-24 15:59:41 +0000  7329 bytes for ./Payload/App.app/public/_next/static/chunks/0r4hte1ip3.kd.js
2026-05-24 15:59:41 +0000  copying file ./Payload/App.app/public/_next/static/chunks/130v~8y7~42bc.js ... 
2026-05-24 15:59:41 +0000  12525 bytes for ./Payload/App.app/public/_next/static/chunks/130v~8y7~42bc.js
2026-05-24 15:59:41 +0000  copying file ./Payload/App.app/public/_next/static/chunks/turbopack-154.gxn0r_j8i.js ... 
2026-05-24 15:59:41 +0000  10580 bytes for ./Payload/App.app/public/_next/static/chunks/turbopack-154.gxn0r_j8i.js
2026-05-24 15:59:41 +0000  copying file ./Payload/App.app/public/_next/static/chunks/0jgg96226acg9.js ... 
2026-05-24 15:59:41 +0000  2356 bytes for ./Payload/App.app/public/_next/static/chunks/0jgg96226acg9.js
2026-05-24 15:59:41 +0000  copying file ./Payload/App.app/public/_next/static/chunks/15395954nix5e.js ... 
2026-05-24 15:59:41 +0000  1390 bytes for ./Payload/App.app/public/_next/static/chunks/15395954nix5e.js
2026-05-24 15:59:41 +0000  copying file ./Payload/App.app/public/_next/static/chunks/06dwa~k9ynnn4.js ... 
2026-05-24 15:59:41 +0000  31131 bytes for ./Payload/App.app/public/_next/static/chunks/06dwa~k9ynnn4.js
2026-05-24 15:59:41 +0000  copying file ./Payload/App.app/public/_next/static/chunks/02xebcysu9lbu.js ... 
2026-05-24 15:59:41 +0000  57641 bytes for ./Payload/App.app/public/_next/static/chunks/02xebcysu9lbu.js
2026-05-24 15:59:41 +0000  copying file ./Payload/App.app/public/_next/static/chunks/0up_tgvu76udb.js ... 
2026-05-24 15:59:41 +0000  19907 bytes for ./Payload/App.app/public/_next/static/chunks/0up_tgvu76udb.js
2026-05-24 15:59:41 +0000  copying file ./Payload/App.app/public/_next/static/chunks/0reywpn9ww1q..js ... 
2026-05-24 15:59:41 +0000  9916 bytes for ./Payload/App.app/public/_next/static/chunks/0reywpn9ww1q..js
2026-05-24 15:59:41 +0000  copying file ./Payload/App.app/public/_next/static/chunks/0zbndxs.z-m.n.js ... 
2026-05-24 15:59:41 +0000  43924 bytes for ./Payload/App.app/public/_next/static/chunks/0zbndxs.z-m.n.js
2026-05-24 15:59:41 +0000  copying file ./Payload/App.app/public/_next/static/chunks/0yc..8396ogp1.js ... 
2026-05-24 15:59:41 +0000  28020 bytes for ./Payload/App.app/public/_next/static/chunks/0yc..8396ogp1.js
2026-05-24 15:59:41 +0000  copying file ./Payload/App.app/public/_next/static/chunks/0geib-yrq1gtl.js ... 
2026-05-24 15:59:41 +0000  11779 bytes for ./Payload/App.app/public/_next/static/chunks/0geib-yrq1gtl.js
2026-05-24 15:59:41 +0000  copying file ./Payload/App.app/public/_next/static/chunks/0x_sor5n_k2cc.js ... 
2026-05-24 15:59:41 +0000  34400 bytes for ./Payload/App.app/public/_next/static/chunks/0x_sor5n_k2cc.js
2026-05-24 15:59:41 +0000  copying file ./Payload/App.app/public/_next/static/chunks/0~1mhe7lpqqc4.js ... 
2026-05-24 15:59:41 +0000  8945 bytes for ./Payload/App.app/public/_next/static/chunks/0~1mhe7lpqqc4.js
2026-05-24 15:59:41 +0000  copying file ./Payload/App.app/public/_next/static/chunks/0~b35e0dlx8z-.js ... 
2026-05-24 15:59:41 +0000  13974 bytes for ./Payload/App.app/public/_next/static/chunks/0~b35e0dlx8z-.js
2026-05-24 15:59:41 +0000  copying file ./Payload/App.app/public/_next/static/chunks/06mpcb8x4_of..js ... 
2026-05-24 15:59:41 +0000  44737 bytes for ./Payload/App.app/public/_next/static/chunks/06mpcb8x4_of..js
2026-05-24 15:59:41 +0000  copying file ./Payload/App.app/public/_next/static/chunks/11o_5i9pmks~6.js ... 
2026-05-24 15:59:41 +0000  15967 bytes for ./Payload/App.app/public/_next/static/chunks/11o_5i9pmks~6.js
2026-05-24 15:59:41 +0000  copying file ./Payload/App.app/public/_next/static/chunks/0u7k95o4un92c.js ... 
2026-05-24 15:59:41 +0000  67933 bytes for ./Payload/App.app/public/_next/static/chunks/0u7k95o4un92c.js
2026-05-24 15:59:41 +0000  copying file ./Payload/App.app/public/_next/static/chunks/0b4.jnsvxt4g_.js ... 
2026-05-24 15:59:41 +0000  38849 bytes for ./Payload/App.app/public/_next/static/chunks/0b4.jnsvxt4g_.js
2026-05-24 15:59:41 +0000  copying file ./Payload/App.app/public/_next/static/chunks/0t.2laolgj6ur.js ... 
2026-05-24 15:59:41 +0000  18212 bytes for ./Payload/App.app/public/_next/static/chunks/0t.2laolgj6ur.js
2026-05-24 15:59:41 +0000  copying file ./Payload/App.app/public/_next/static/chunks/0b-4n6v2ds3kh.js ... 
2026-05-24 15:59:41 +0000  11579 bytes for ./Payload/App.app/public/_next/static/chunks/0b-4n6v2ds3kh.js
2026-05-24 15:59:41 +0000  copying file ./Payload/App.app/public/_next/static/chunks/0fsr7s6v0tgqg.js ... 
2026-05-24 15:59:41 +0000  18148 bytes for ./Payload/App.app/public/_next/static/chunks/0fsr7s6v0tgqg.js
copying file ./Payload/App.app/public/_next/static/chunks/0k4pi..07v_e_.js ... 
2026-05-24 15:59:41 +0000  37460 bytes for ./Payload/App.app/public/_next/static/chunks/0k4pi..07v_e_.js
2026-05-24 15:59:41 +0000  copying file ./Payload/App.app/public/_next/static/chunks/0d15zhcxp2ujm.js ... 
2026-05-24 15:59:41 +0000  38917 bytes for ./Payload/App.app/public/_next/static/chunks/0d15zhcxp2ujm.js
2026-05-24 15:59:41 +0000  copying file ./Payload/App.app/public/_next/static/chunks/12v.0ltcu-hze.js ... 
2026-05-24 15:59:41 +0000  11982 bytes for ./Payload/App.app/public/_next/static/chunks/12v.0ltcu-hze.js
2026-05-24 15:59:41 +0000  copying file ./Payload/App.app/public/_next/static/chunks/0n~dq4kpx9xxx.js ... 
2026-05-24 15:59:41 +0000  227537 bytes for ./Payload/App.app/public/_next/static/chunks/0n~dq4kpx9xxx.js
2026-05-24 15:59:41 +0000  copying file ./Payload/App.app/public/_next/static/chunks/0f0gwzuo.x4jm.js ... 
2026-05-24 15:59:41 +0000  42894 bytes for ./Payload/App.app/public/_next/static/chunks/0f0gwzuo.x4jm.js
2026-05-24 15:59:41 +0000  copying file ./Payload/App.app/public/_next/static/chunks/090sqn5zylgr1.js ... 
2026-05-24 15:59:41 +0000  32392 bytes for ./Payload/App.app/public/_next/static/chunks/090sqn5zylgr1.js
2026-05-24 15:59:41 +0000  copying file ./Payload/App.app/public/_next/static/chunks/01ysh8nee~l1a.js ... 
2026-05-24 15:59:41 +0000  32117 bytes for ./Payload/App.app/public/_next/static/chunks/01ysh8nee~l1a.js
2026-05-24 15:59:41 +0000  copying file ./Payload/App.app/public/_next/static/chunks/14qg1hfhpl.34.js ... 
2026-05-24 15:59:41 +0000  43453 bytes for ./Payload/App.app/public/_next/static/chunks/14qg1hfhpl.34.js
2026-05-24 15:59:41 +0000  copying file ./Payload/App.app/public/_next/static/chunks/17gb3i0ywih90.js ... 
2026-05-24 15:59:41 +0000  41892 bytes for ./Payload/App.app/public/_next/static/chunks/17gb3i0ywih90.js
2026-05-24 15:59:41 +0000  copying file ./Payload/App.app/public/_next/static/chunks/15meigb8ke-il.js ... 
2026-05-24 15:59:41 +0000  15889 bytes for ./Payload/App.app/public/_next/static/chunks/15meigb8ke-il.js
2026-05-24 15:59:41 +0000  copying file ./Payload/App.app/public/_next/static/chunks/067cp4h7hj60q.js ... 
2026-05-24 15:59:41 +0000  41412 bytes for ./Payload/App.app/public/_next/static/chunks/067cp4h7hj60q.js
2026-05-24 15:59:41 +0000  copying file ./Payload/App.app/public/_next/static/chunks/08ohnicv8_pk-.js ... 
2026-05-24 15:59:41 +0000  33259 bytes for ./Payload/App.app/public/_next/static/chunks/08ohnicv8_pk-.js
2026-05-24 15:59:41 +0000  copying file ./Payload/App.app/public/_next/static/chunks/01xlw8hd842-c.js ... 
2026-05-24 15:59:41 +0000  3377 bytes for ./Payload/App.app/public/_next/static/chunks/01xlw8hd842-c.js
2026-05-24 15:59:41 +0000  copying file ./Payload/App.app/public/_next/static/chunks/0pqt~8bl3ukh4.js ... 
2026-05-24 15:59:41 +0000  44414 bytes for ./Payload/App.app/public/_next/static/chunks/0pqt~8bl3ukh4.js
2026-05-24 15:59:41 +0000  copying file ./Payload/App.app/public/_next/static/chunks/107bxf.z_vbm4.js ... 
2026-05-24 15:59:41 +0000  43645 bytes for ./Payload/App.app/public/_next/static/chunks/107bxf.z_vbm4.js
2026-05-24 15:59:41 +0000  copying file ./Payload/App.app/public/_next/static/chunks/0uarlqmi0928b.js ... 
2026-05-24 15:59:41 +0000  14959 bytes for ./Payload/App.app/public/_next/static/chunks/0uarlqmi0928b.js
2026-05-24 15:59:41 +0000  copying file ./Payload/App.app/public/_next/static/chunks/18aiukl4n.udz.js ... 
2026-05-24 15:59:41 +0000  32659 bytes for ./Payload/App.app/public/_next/static/chunks/18aiukl4n.udz.js
2026-05-24 15:59:41 +0000  copying file ./Payload/App.app/public/_next/static/chunks/0i5jhmoc.9yo4.js ... 
2026-05-24 15:59:41 +0000  30287 bytes for ./Payload/App.app/public/_next/static/chunks/0i5jhmoc.9yo4.js
2026-05-24 15:59:41 +0000  copying file ./Payload/App.app/public/_next/static/chunks/0icpc1qmlcy-g.js ... 
2026-05-24 15:59:41 +0000  37619 bytes for ./Payload/App.app/public/_next/static/chunks/0icpc1qmlcy-g.js
2026-05-24 15:59:41 +0000  copying file ./Payload/App.app/public/_next/static/media/favicon.0x3dzn~oxb6tn.ico ... 
2026-05-24 15:59:41 +0000  25931 bytes for ./Payload/App.app/public/_next/static/media/favicon.0x3dzn~oxb6tn.ico
2026-05-24 15:59:41 +0000  copying file ./Payload/App.app/public/_next/static/media/1bffadaabf893a1e-s.16ipb6fqu393i.woff2 ... 
2026-05-24 15:59:41 +0000  85272 bytes for ./Payload/App.app/public/_next/static/media/1bffadaabf893a1e-s.16ipb6fqu393i.woff2
2026-05-24 15:59:41 +0000  copying file ./Payload/App.app/public/_next/static/media/5476f68d60460930-s.0wxq9webf.ew4.woff2 ... 
2026-05-24 15:59:41 +0000  19044 bytes for ./Payload/App.app/public/_next/static/media/5476f68d60460930-s.0wxq9webf.ew4.woff2
2026-05-24 15:59:41 +0000  copying file ./Payload/App.app/public/_next/static/media/2c55a0e60120577a-s.0bjc5tiuqdqro.woff2 ... 
2026-05-24 15:59:41 +0000  25844 bytes for ./Payload/App.app/public/_next/static/media/2c55a0e60120577a-s.0bjc5tiuqdqro.woff2
2026-05-24 15:59:41 +0000  copying file ./Payload/App.app/public/_next/static/media/ad66f9afd8947f86-s.11u06r12fd6v_.woff2 ... 
2026-05-24 15:59:41 +0000  11272 bytes for ./Payload/App.app/public/_next/static/media/ad66f9afd8947f86-s.11u06r12fd6v_.woff2
2026-05-24 15:59:41 +0000  copying file ./Payload/App.app/public/_next/static/media/9c72aa0f40e4eef8-s.0m6w47a4e5dy9.woff2 ... 
2026-05-24 15:59:41 +0000  18744 bytes for ./Payload/App.app/public/_next/static/media/9c72aa0f40e4eef8-s.0m6w47a4e5dy9.woff2
2026-05-24 15:59:41 +0000  copying file ./Payload/App.app/public/_next/static/media/2bbe8d2671613f1f-s.067x_6k0k23tk.woff2 ... 
2026-05-24 15:59:41 +0000  10280 bytes for ./Payload/App.app/public/_next/static/media/2bbe8d2671613f1f-s.067x_6k0k23tk.woff2
2026-05-24 15:59:41 +0000  copying file ./Payload/App.app/public/_next/static/media/83afe278b6a6bb3c-s.p.0q-301v4kxxnr.woff2 ... 
2026-05-24 15:59:41 +0000  48432 bytes for ./Payload/App.app/public/_next/static/media/83afe278b6a6bb3c-s.p.0q-301v4kxxnr.woff2
2026-05-24 15:59:41 +0000  copying file ./Payload/App.app/public/__next._head.txt ... 
2026-05-24 15:59:41 +0000  1825 bytes for ./Payload/App.app/public/__next._head.txt
2026-05-24 15:59:41 +0000  copying file ./Payload/App.app/public/offline.html ... 
2026-05-24 15:59:41 +0000  12394 bytes for ./Payload/App.app/public/offline.html
2026-05-24 15:59:41 +0000  copying file ./Payload/App.app/public/library.txt ... 
2026-05-24 15:59:41 +0000  7593 bytes for ./Payload/App.app/public/library.txt
2026-05-24 15:59:41 +0000  copying file ./Payload/App.app/public/favicon.ico ... 
2026-05-24 15:59:41 +0000  25931 bytes for ./Payload/App.app/public/favicon.ico
2026-05-24 15:59:41 +0000  copying file ./Payload/App.app/public/index.html ... 
2026-05-24 15:59:41 +0000  10841 bytes for ./Payload/App.app/public/index.html
2026-05-24 15:59:41 +0000  copying file ./Payload/App.app/public/offline.txt ... 
2026-05-24 15:59:41 +0000  7593 bytes for ./Payload/App.app/public/offline.txt
2026-05-24 15:59:41 +0000  copying file ./Payload/App.app/public/admin.html ... 
2026-05-24 15:59:41 +0000  11267 bytes for ./Payload/App.app/public/admin.html
2026-05-24 15:59:41 +0000  copying file ./Payload/App.app/public/bece/__next._tree.txt ... 
2026-05-24 15:59:41 +0000  426 bytes for ./Payload/App.app/public/bece/__next._tree.txt
2026-05-24 15:59:41 +0000  copying file ./Payload/App.app/public/bece/__next._head.txt ... 
2026-05-24 15:59:41 +0000  1825 bytes for ./Payload/App.app/public/bece/__next._head.txt
2026-05-24 15:59:41 +0000  copying file ./Payload/App.app/public/bece/__next.bece.txt ... 
2026-05-24 15:59:41 +0000  525 bytes for ./Payload/App.app/public/bece/__next.bece.txt
2026-05-24 15:59:41 +0000  copying file ./Payload/App.app/public/bece/__next._full.txt ... 
2026-05-24 15:59:41 +0000  7587 bytes for ./Payload/App.app/public/bece/__next._full.txt
2026-05-24 15:59:41 +0000  copying file ./Payload/App.app/public/bece/__next._index.txt ... 
2026-05-24 15:59:41 +0000  3548 bytes for ./Payload/App.app/public/bece/__next._index.txt
2026-05-24 15:59:41 +0000  copying file ./Payload/App.app/public/bece/__next.bece.__PAGE__.txt ... 
2026-05-24 15:59:41 +0000  1024 bytes for ./Payload/App.app/public/bece/__next.bece.__PAGE__.txt
2026-05-24 15:59:41 +0000  copying file ./Payload/App.app/public/invite.txt ... 
2026-05-24 15:59:41 +0000  7591 bytes for ./Payload/App.app/public/invite.txt
2026-05-24 15:59:41 +0000  copying file ./Payload/App.app/public/file.svg ... 
2026-05-24 15:59:41 +0000  391 bytes for ./Payload/App.app/public/file.svg
2026-05-24 15:59:41 +0000  copying file ./Payload/App.app/public/driver.txt ... 
2026-05-24 15:59:41 +0000  7591 bytes for ./Payload/App.app/public/driver.txt
2026-05-24 15:59:41 +0000  copying file ./Payload/App.app/public/cordova.js ... 
2026-05-24 15:59:41 +0000  0 bytes for ./Payload/App.app/public/cordova.js
2026-05-24 15:59:41 +0000  copying file ./Payload/App.app/public/auth/link.html ... 
2026-05-24 15:59:41 +0000  11530 bytes for ./Payload/App.app/public/auth/link.html
2026-05-24 15:59:41 +0000  copying file ./Payload/App.app/public/auth/link.txt ... 
2026-05-24 15:59:41 +0000  7987 bytes for ./Payload/App.app/public/auth/link.txt
2026-05-24 15:59:41 +0000  copying file ./Payload/App.app/public/auth/callback.html ... 
2026-05-24 15:59:41 +0000  11730 bytes for ./Payload/App.app/public/auth/callback.html
2026-05-24 15:59:41 +0000  copying file ./Payload/App.app/public/auth/link/__next.auth.link.txt ... 
2026-05-24 15:59:41 +0000  525 bytes for ./Payload/App.app/public/auth/link/__next.auth.link.txt
2026-05-24 15:59:41 +0000  copying file ./Payload/App.app/public/auth/link/__next._tree.txt ... 
2026-05-24 15:59:41 +0000  494 bytes for ./Payload/App.app/public/auth/link/__next._tree.txt
2026-05-24 15:59:41 +0000  copying file ./Payload/App.app/public/auth/link/__next._head.txt ... 
2026-05-24 15:59:41 +0000  1825 bytes for ./Payload/App.app/public/auth/link/__next._head.txt
2026-05-24 15:59:41 +0000  copying file ./Payload/App.app/public/auth/link/__next._full.txt ... 
2026-05-24 15:59:41 +0000  7987 bytes for ./Payload/App.app/public/auth/link/__next._full.txt
2026-05-24 15:59:41 +0000  copying file ./Payload/App.app/public/auth/link/__next.auth.txt ... 
2026-05-24 15:59:41 +0000  525 bytes for ./Payload/App.app/public/auth/link/__next.auth.txt
2026-05-24 15:59:41 +0000  copying file ./Payload/App.app/public/auth/link/__next._index.txt ... 
2026-05-24 15:59:41 +0000  3548 bytes for ./Payload/App.app/public/auth/link/__next._index.txt
2026-05-24 15:59:41 +0000  copying file ./Payload/App.app/public/auth/link/__next.auth.link.__PAGE__.txt ... 
2026-05-24 15:59:41 +0000  1021 bytes for ./Payload/App.app/public/auth/link/__next.auth.link.__PAGE__.txt
2026-05-24 15:59:41 +0000  copying file ./Payload/App.app/public/auth/callback.txt ... 
2026-05-24 15:59:41 +0000  7998 bytes for ./Payload/App.app/public/auth/callback.txt
2026-05-24 15:59:41 +0000  copying file ./Payload/App.app/public/auth/callback/__next._tree.txt ... 
2026-05-24 15:59:41 +0000  498 bytes for ./Payload/App.app/public/auth/callback/__next._tree.txt
2026-05-24 15:59:41 +0000  copying file ./Payload/App.app/public/auth/callback/__next._head.txt ... 
2026-05-24 15:59:41 +0000  1825 bytes for ./Payload/App.app/public/auth/callback/__next._head.txt
2026-05-24 15:59:41 +0000  copying file ./Payload/App.app/public/auth/callback/__next.auth.callback.__PAGE__.txt ... 
2026-05-24 15:59:41 +0000  1024 bytes for ./Payload/App.app/public/auth/callback/__next.auth.callback.__PAGE__.txt
2026-05-24 15:59:41 +0000  copying file ./Payload/App.app/public/auth/callback/__next._full.txt ... 
2026-05-24 15:59:41 +0000  7998 bytes for ./Payload/App.app/public/auth/callback/__next._full.txt
2026-05-24 15:59:41 +0000  copying file ./Payload/App.app/public/auth/callback/__next.auth.txt ... 
2026-05-24 15:59:41 +0000  525 bytes for ./Payload/App.app/public/auth/callback/__next.auth.txt
2026-05-24 15:59:41 +0000  copying file ./Payload/App.app/public/auth/callback/__next._index.txt ... 
2026-05-24 15:59:41 +0000  3548 bytes for ./Payload/App.app/public/auth/callback/__next._index.txt
2026-05-24 15:59:41 +0000  copying file ./Payload/App.app/public/auth/callback/__next.auth.callback.txt ... 
2026-05-24 15:59:41 +0000  525 bytes for ./Payload/App.app/public/auth/callback/__next.auth.callback.txt
2026-05-24 15:59:41 +0000  copying file ./Payload/App.app/public/driver/__next._tree.txt ... 
2026-05-24 15:59:41 +0000  428 bytes for ./Payload/App.app/public/driver/__next._tree.txt
2026-05-24 15:59:41 +0000  copying file ./Payload/App.app/public/driver/__next._head.txt ... 
2026-05-24 15:59:41 +0000  1825 bytes for ./Payload/App.app/public/driver/__next._head.txt
2026-05-24 15:59:41 +0000  copying file ./Payload/App.app/public/driver/__next._full.txt ... 
2026-05-24 15:59:41 +0000  7591 bytes for ./Payload/App.app/public/driver/__next._full.txt
2026-05-24 15:59:41 +0000  copying file ./Payload/App.app/public/driver/__next._index.txt ... 
2026-05-24 15:59:41 +0000  3548 bytes for ./Payload/App.app/public/driver/__next._index.txt
2026-05-24 15:59:41 +0000  copying file ./Payload/App.app/public/driver/__next.driver.__PAGE__.txt ... 
2026-05-24 15:59:41 +0000  1024 bytes for ./Payload/App.app/public/driver/__next.driver.__PAGE__.txt
2026-05-24 15:59:41 +0000  copying file ./Payload/App.app/public/driver/__next.driver.txt ... 
2026-05-24 15:59:41 +0000  525 bytes for ./Payload/App.app/public/driver/__next.driver.txt
2026-05-24 15:59:41 +0000  copying file ./Payload/App.app/public/principal.txt ... 
2026-05-24 15:59:41 +0000  7597 bytes for ./Payload/App.app/public/principal.txt
2026-05-24 15:59:41 +0000  copying file ./Payload/App.app/public/__next._full.txt ... 
2026-05-24 15:59:41 +0000  7171 bytes for ./Payload/App.app/public/__next._full.txt
2026-05-24 15:59:41 +0000  copying file ./Payload/App.app/public/login.txt ... 
2026-05-24 15:59:41 +0000  7589 bytes for ./Payload/App.app/public/login.txt
2026-05-24 15:59:41 +0000  copying file ./Payload/App.app/public/invite.html ... 
2026-05-24 15:59:41 +0000  11236 bytes for ./Payload/App.app/public/invite.html
2026-05-24 15:59:41 +0000  copying file ./Payload/App.app/public/__next._index.txt ... 
2026-05-24 15:59:41 +0000  3548 bytes for ./Payload/App.app/public/__next._index.txt
2026-05-24 15:59:41 +0000  copying file ./Payload/App.app/public/student/__next._tree.txt ... 
2026-05-24 15:59:41 +0000  429 bytes for ./Payload/App.app/public/student/__next._tree.txt
2026-05-24 15:59:41 +0000  copying file ./Payload/App.app/public/student/__next._head.txt ... 
2026-05-24 15:59:41 +0000  1825 bytes for ./Payload/App.app/public/student/__next._head.txt
2026-05-24 15:59:41 +0000  copying file ./Payload/App.app/public/student/assignments.txt ... 
2026-05-24 15:59:41 +0000  8010 bytes for ./Payload/App.app/public/student/assignments.txt
2026-05-24 15:59:41 +0000  copying file ./Payload/App.app/public/student/__next.student.__PAGE__.txt ... 
2026-05-24 15:59:41 +0000  1024 bytes for ./Payload/App.app/public/student/__next.student.__PAGE__.txt
2026-05-24 15:59:41 +0000  copying file ./Payload/App.app/public/student/assignments/__next._tree.txt ... 
2026-05-24 15:59:41 +0000  504 bytes for ./Payload/App.app/public/student/assignments/__next._tree.txt
2026-05-24 15:59:41 +0000  copying file ./Payload/App.app/public/student/assignments/__next.student.assignments.txt ... 
2026-05-24 15:59:41 +0000  525 bytes for ./Payload/App.app/public/student/assignments/__next.student.assignments.txt
2026-05-24 15:59:41 +0000  copying file ./Payload/App.app/public/student/assignments/__next._head.txt ... 
2026-05-24 15:59:41 +0000  1825 bytes for ./Payload/App.app/public/student/assignments/__next._head.txt
2026-05-24 15:59:41 +0000  copying file ./Payload/App.app/public/student/assignments/__next._full.txt ... 
2026-05-24 15:59:41 +0000  8010 bytes for ./Payload/App.app/public/student/assignments/__next._full.txt
2026-05-24 15:59:41 +0000  copying file ./Payload/App.app/public/student/assignments/__next._index.txt ... 
2026-05-24 15:59:41 +0000  3548 bytes for ./Payload/App.app/public/student/assignments/__next._index.txt
2026-05-24 15:59:41 +0000  copying file ./Payload/App.app/public/student/assignments/__next.student.assignments.__PAGE__.txt ... 
2026-05-24 15:59:41 +0000  1024 bytes for ./Payload/App.app/public/student/assignments/__next.student.assignments.__PAGE__.txt
2026-05-24 15:59:41 +0000  copying file ./Payload/App.app/public/student/assignments/__next.student.txt ... 
2026-05-24 15:59:41 +0000  525 bytes for ./Payload/App.app/public/student/assignments/__next.student.txt
2026-05-24 15:59:41 +0000  copying file ./Payload/App.app/public/student/chat/__next._tree.txt ... 
2026-05-24 15:59:41 +0000  497 bytes for ./Payload/App.app/public/student/chat/__next._tree.txt
2026-05-24 15:59:41 +0000  copying file ./Payload/App.app/public/student/chat/__next._head.txt ... 
2026-05-24 15:59:41 +0000  1825 bytes for ./Payload/App.app/public/student/chat/__next._head.txt
2026-05-24 15:59:41 +0000  copying file ./Payload/App.app/public/student/chat/__next._full.txt ... 
2026-05-24 15:59:41 +0000  7996 bytes for ./Payload/App.app/public/student/chat/__next._full.txt
2026-05-24 15:59:41 +0000  copying file ./Payload/App.app/public/student/chat/__next._index.txt ... 
2026-05-24 15:59:41 +0000  3548 bytes for ./Payload/App.app/public/student/chat/__next._index.txt
2026-05-24 15:59:41 +0000  copying file ./Payload/App.app/public/student/chat/__next.student.chat.__PAGE__.txt ... 
2026-05-24 15:59:41 +0000  1024 bytes for ./Payload/App.app/public/student/chat/__next.student.chat.__PAGE__.txt
2026-05-24 15:59:41 +0000  copying file ./Payload/App.app/public/student/chat/__next.student.txt ... 
2026-05-24 15:59:41 +0000  525 bytes for ./Payload/App.app/public/student/chat/__next.student.txt
2026-05-24 15:59:41 +0000  copying file ./Payload/App.app/public/student/chat/__next.student.chat.txt ... 
2026-05-24 15:59:41 +0000  525 bytes for ./Payload/App.app/public/student/chat/__next.student.chat.txt
2026-05-24 15:59:41 +0000  copying file ./Payload/App.app/public/student/__next._full.txt ... 
2026-05-24 15:59:41 +0000  7593 bytes for ./Payload/App.app/public/student/__next._full.txt
2026-05-24 15:59:41 +0000  copying file ./Payload/App.app/public/student/__next._index.txt ... 
2026-05-24 15:59:41 +0000  3548 bytes for ./Payload/App.app/public/student/__next._index.txt
2026-05-24 15:59:41 +0000  copying file ./Payload/App.app/public/student/chat.txt ... 
2026-05-24 15:59:41 +0000  7996 bytes for ./Payload/App.app/public/student/chat.txt
2026-05-24 15:59:41 +0000  copying file ./Payload/App.app/public/student/__next.student.txt ... 
2026-05-24 15:59:41 +0000  525 bytes for ./Payload/App.app/public/student/__next.student.txt
2026-05-24 15:59:41 +0000  copying file ./Payload/App.app/public/student/assignments.html ... 
2026-05-24 15:59:41 +0000  11752 bytes for ./Payload/App.app/public/student/assignments.html
2026-05-24 15:59:41 +0000  copying file ./Payload/App.app/public/student/chat.html ... 
2026-05-24 15:59:41 +0000  11738 bytes for ./Payload/App.app/public/student/chat.html
2026-05-24 15:59:41 +0000  copying file ./Payload/App.app/public/driver.html ... 
2026-05-24 15:59:41 +0000  11239 bytes for ./Payload/App.app/public/driver.html
2026-05-24 15:59:41 +0000  copying file ./Payload/App.app/public/teacher.txt ... 
2026-05-24 15:59:41 +0000  7593 bytes for ./Payload/App.app/public/teacher.txt
2026-05-24 15:59:41 +0000  copying file ./Payload/App.app/public/index.txt ... 
2026-05-24 15:59:41 +0000  7171 bytes for ./Payload/App.app/public/index.txt
2026-05-24 15:59:41 +0000  copying file ./Payload/App.app/public/admin/attendance/__next._tree.txt ... 
2026-05-24 15:59:41 +0000  501 bytes for ./Payload/App.app/public/admin/attendance/__next._tree.txt
2026-05-24 15:59:41 +0000  copying file ./Payload/App.app/public/admin/attendance/__next._head.txt ... 
2026-05-24 15:59:41 +0000  1825 bytes for ./Payload/App.app/public/admin/attendance/__next._head.txt
2026-05-24 15:59:41 +0000  copying file ./Payload/App.app/public/admin/attendance/__next.admin.txt ... 
2026-05-24 15:59:41 +0000  525 bytes for ./Payload/App.app/public/admin/attendance/__next.admin.txt
2026-05-24 15:59:41 +0000  copying file ./Payload/App.app/public/admin/attendance/__next.admin.attendance.txt ... 
2026-05-24 15:59:41 +0000  525 bytes for ./Payload/App.app/public/admin/attendance/__next.admin.attendance.txt
2026-05-24 15:59:41 +0000  copying file ./Payload/App.app/public/admin/attendance/__next._full.txt ... 
2026-05-24 15:59:41 +0000  8004 bytes for ./Payload/App.app/public/admin/attendance/__next._full.txt
2026-05-24 15:59:41 +0000  copying file ./Payload/App.app/public/admin/attendance/__next._index.txt ... 
2026-05-24 15:59:41 +0000  3548 bytes for ./Payload/App.app/public/admin/attendance/__next._index.txt
copying file ./Payload/App.app/public/admin/attendance/__next.admin.attendance.__PAGE__.txt ... 
1024 bytes for ./Payload/App.app/public/admin/attendance/__next.admin.attendance.__PAGE__.txt
copying file ./Payload/App.app/public/admin/fee-reports.txt ... 
2026-05-24 15:59:41 +0000  8154 bytes for ./Payload/App.app/public/admin/fee-reports.txt
2026-05-24 15:59:41 +0000  copying file ./Payload/App.app/public/admin/course-groups.txt ... 
2026-05-24 15:59:41 +0000  8157 bytes for ./Payload/App.app/public/admin/course-groups.txt
2026-05-24 15:59:41 +0000  copying file ./Payload/App.app/public/admin/__next._tree.txt ... 
2026-05-24 15:59:41 +0000  427 bytes for ./Payload/App.app/public/admin/__next._tree.txt
2026-05-24 15:59:41 +0000  copying file ./Payload/App.app/public/admin/audit-logs.html ... 
2026-05-24 15:59:41 +0000  11746 bytes for ./Payload/App.app/public/admin/audit-logs.html
2026-05-24 15:59:41 +0000  copying file ./Payload/App.app/public/admin/feed.html ... 
2026-05-24 15:59:41 +0000  11734 bytes for ./Payload/App.app/public/admin/feed.html
2026-05-24 15:59:41 +0000  copying file ./Payload/App.app/public/admin/payroll.txt ... 
2026-05-24 15:59:41 +0000  7998 bytes for ./Payload/App.app/public/admin/payroll.txt
2026-05-24 15:59:41 +0000  copying file ./Payload/App.app/public/admin/audit-logs/__next._tree.txt ... 
2026-05-24 15:59:41 +0000  501 bytes for ./Payload/App.app/public/admin/audit-logs/__next._tree.txt
2026-05-24 15:59:41 +0000  copying file ./Payload/App.app/public/admin/audit-logs/__next._head.txt ... 
2026-05-24 15:59:41 +0000  1825 bytes for ./Payload/App.app/public/admin/audit-logs/__next._head.txt
2026-05-24 15:59:41 +0000  copying file ./Payload/App.app/public/admin/audit-logs/__next.admin.audit-logs.txt ... 
2026-05-24 15:59:41 +0000  525 bytes for ./Payload/App.app/public/admin/audit-logs/__next.admin.audit-logs.txt
2026-05-24 15:59:41 +0000  copying file ./Payload/App.app/public/admin/audit-logs/__next.admin.txt ... 
2026-05-24 15:59:41 +0000  525 bytes for ./Payload/App.app/public/admin/audit-logs/__next.admin.txt
2026-05-24 15:59:41 +0000  copying file ./Payload/App.app/public/admin/audit-logs/__next._full.txt ... 
2026-05-24 15:59:41 +0000  8004 bytes for ./Payload/App.app/public/admin/audit-logs/__next._full.txt
2026-05-24 15:59:41 +0000  copying file ./Payload/App.app/public/admin/audit-logs/__next._index.txt ... 
2026-05-24 15:59:41 +0000  3548 bytes for ./Payload/App.app/public/admin/audit-logs/__next._index.txt
2026-05-24 15:59:41 +0000  copying file ./Payload/App.app/public/admin/audit-logs/__next.admin.audit-logs.__PAGE__.txt ... 
2026-05-24 15:59:41 +0000  1024 bytes for ./Payload/App.app/public/admin/audit-logs/__next.admin.audit-logs.__PAGE__.txt
2026-05-24 15:59:41 +0000  copying file ./Payload/App.app/public/admin/__next._head.txt ... 
2026-05-24 15:59:41 +0000  1825 bytes for ./Payload/App.app/public/admin/__next._head.txt
2026-05-24 15:59:41 +0000  copying file ./Payload/App.app/public/admin/settings/__next._tree.txt ... 
2026-05-24 15:59:41 +0000  499 bytes for ./Payload/App.app/public/admin/settings/__next._tree.txt
2026-05-24 15:59:41 +0000  copying file ./Payload/App.app/public/admin/settings/__next._head.txt ... 
2026-05-24 15:59:41 +0000  1825 bytes for ./Payload/App.app/public/admin/settings/__next._head.txt
2026-05-24 15:59:41 +0000  copying file ./Payload/App.app/public/admin/settings/__next.admin.txt ... 
2026-05-24 15:59:41 +0000  525 bytes for ./Payload/App.app/public/admin/settings/__next.admin.txt
2026-05-24 15:59:41 +0000  copying file ./Payload/App.app/public/admin/settings/__next._full.txt ... 
2026-05-24 15:59:41 +0000  8147 bytes for ./Payload/App.app/public/admin/settings/__next._full.txt
2026-05-24 15:59:41 +0000  copying file ./Payload/App.app/public/admin/settings/__next._index.txt ... 
2026-05-24 15:59:41 +0000  3548 bytes for ./Payload/App.app/public/admin/settings/__next._index.txt
2026-05-24 15:59:41 +0000  copying file ./Payload/App.app/public/admin/settings/__next.admin.settings.__PAGE__.txt ... 
2026-05-24 15:59:41 +0000  1150 bytes for ./Payload/App.app/public/admin/settings/__next.admin.settings.__PAGE__.txt
copying file ./Payload/App.app/public/admin/settings/__next.admin.settings.txt ... 
2026-05-24 15:59:41 +0000  525 bytes for ./Payload/App.app/public/admin/settings/__next.admin.settings.txt
2026-05-24 15:59:41 +0000  copying file ./Payload/App.app/public/admin/data-uploads/__next._tree.txt ... 
2026-05-24 15:59:41 +0000  503 bytes for ./Payload/App.app/public/admin/data-uploads/__next._tree.txt
2026-05-24 15:59:41 +0000  copying file ./Payload/App.app/public/admin/data-uploads/__next._head.txt ... 
2026-05-24 15:59:41 +0000  1825 bytes for ./Payload/App.app/public/admin/data-uploads/__next._head.txt
2026-05-24 15:59:41 +0000  copying file ./Payload/App.app/public/admin/data-uploads/__next.admin.txt ... 
2026-05-24 15:59:41 +0000  525 bytes for ./Payload/App.app/public/admin/data-uploads/__next.admin.txt
copying file ./Payload/App.app/public/admin/data-uploads/__next._full.txt ... 
2026-05-24 15:59:41 +0000  8008 bytes for ./Payload/App.app/public/admin/data-uploads/__next._full.txt
2026-05-24 15:59:41 +0000  copying file ./Payload/App.app/public/admin/data-uploads/__next._index.txt ... 
2026-05-24 15:59:41 +0000  3548 bytes for ./Payload/App.app/public/admin/data-uploads/__next._index.txt
2026-05-24 15:59:41 +0000  copying file ./Payload/App.app/public/admin/data-uploads/__next.admin.data-uploads.__PAGE__.txt ... 
2026-05-24 15:59:41 +0000  1024 bytes for ./Payload/App.app/public/admin/data-uploads/__next.admin.data-uploads.__PAGE__.txt
2026-05-24 15:59:41 +0000  copying file ./Payload/App.app/public/admin/data-uploads/__next.admin.data-uploads.txt ... 
2026-05-24 15:59:41 +0000  525 bytes for ./Payload/App.app/public/admin/data-uploads/__next.admin.data-uploads.txt
2026-05-24 15:59:41 +0000  copying file ./Payload/App.app/public/admin/online-learning.html ... 
2026-05-24 15:59:41 +0000  11991 bytes for ./Payload/App.app/public/admin/online-learning.html
2026-05-24 15:59:41 +0000  copying file ./Payload/App.app/public/admin/classes.txt ... 
2026-05-24 15:59:41 +0000  8146 bytes for ./Payload/App.app/public/admin/classes.txt
2026-05-24 15:59:41 +0000  copying file ./Payload/App.app/public/admin/staff-checkin.html ... 
2026-05-24 15:59:41 +0000  11752 bytes for ./Payload/App.app/public/admin/staff-checkin.html
2026-05-24 15:59:41 +0000  copying file ./Payload/App.app/public/admin/assessments/__next._tree.txt ... 
2026-05-24 15:59:41 +0000  502 bytes for ./Payload/App.app/public/admin/assessments/__next._tree.txt
2026-05-24 15:59:41 +0000  copying file ./Payload/App.app/public/admin/assessments/__next._head.txt ... 
2026-05-24 15:59:41 +0000  1825 bytes for ./Payload/App.app/public/admin/assessments/__next._head.txt
2026-05-24 15:59:41 +0000  copying file ./Payload/App.app/public/admin/assessments/__next.admin.txt ... 
2026-05-24 15:59:41 +0000  525 bytes for ./Payload/App.app/public/admin/assessments/__next.admin.txt
2026-05-24 15:59:41 +0000  copying file ./Payload/App.app/public/admin/assessments/__next._full.txt ... 
2026-05-24 15:59:41 +0000  8154 bytes for ./Payload/App.app/public/admin/assessments/__next._full.txt
2026-05-24 15:59:41 +0000  copying file ./Payload/App.app/public/admin/assessments/__next._index.txt ... 
2026-05-24 15:59:41 +0000  3548 bytes for ./Payload/App.app/public/admin/assessments/__next._index.txt
2026-05-24 15:59:41 +0000  copying file ./Payload/App.app/public/admin/assessments/__next.admin.assessments.__PAGE__.txt ... 
2026-05-24 15:59:41 +0000  1151 bytes for ./Payload/App.app/public/admin/assessments/__next.admin.assessments.__PAGE__.txt
2026-05-24 15:59:41 +0000  copying file ./Payload/App.app/public/admin/assessments/__next.admin.assessments.txt ... 
2026-05-24 15:59:41 +0000  525 bytes for ./Payload/App.app/public/admin/assessments/__next.admin.assessments.txt
2026-05-24 15:59:41 +0000  copying file ./Payload/App.app/public/admin/library.txt ... 
2026-05-24 15:59:41 +0000  7998 bytes for ./Payload/App.app/public/admin/library.txt
2026-05-24 15:59:41 +0000  copying file ./Payload/App.app/public/admin/grading.txt ... 
2026-05-24 15:59:41 +0000  8146 bytes for ./Payload/App.app/public/admin/grading.txt
2026-05-24 15:59:41 +0000  copying file ./Payload/App.app/public/admin/students.html ... 
2026-05-24 15:59:41 +0000  11978 bytes for ./Payload/App.app/public/admin/students.html
2026-05-24 15:59:41 +0000  copying file ./Payload/App.app/public/admin/__next.admin.txt ... 
2026-05-24 15:59:41 +0000  525 bytes for ./Payload/App.app/public/admin/__next.admin.txt
2026-05-24 15:59:41 +0000  copying file ./Payload/App.app/public/admin/transcripts/__next._tree.txt ... 
2026-05-24 15:59:41 +0000  502 bytes for ./Payload/App.app/public/admin/transcripts/__next._tree.txt
2026-05-24 15:59:41 +0000  copying file ./Payload/App.app/public/admin/transcripts/__next._head.txt ... 
2026-05-24 15:59:41 +0000  1825 bytes for ./Payload/App.app/public/admin/transcripts/__next._head.txt
2026-05-24 15:59:41 +0000  copying file ./Payload/App.app/public/admin/transcripts/__next.admin.txt ... 
2026-05-24 15:59:41 +0000  525 bytes for ./Payload/App.app/public/admin/transcripts/__next.admin.txt
2026-05-24 15:59:41 +0000  copying file ./Payload/App.app/public/admin/transcripts/__next._full.txt ... 
2026-05-24 15:59:41 +0000  8154 bytes for ./Payload/App.app/public/admin/transcripts/__next._full.txt
2026-05-24 15:59:41 +0000  copying file ./Payload/App.app/public/admin/transcripts/__next._index.txt ... 
2026-05-24 15:59:41 +0000  3548 bytes for ./Payload/App.app/public/admin/transcripts/__next._index.txt
2026-05-24 15:59:41 +0000  copying file ./Payload/App.app/public/admin/transcripts/__next.admin.transcripts.txt ... 
2026-05-24 15:59:41 +0000  525 bytes for ./Payload/App.app/public/admin/transcripts/__next.admin.transcripts.txt
2026-05-24 15:59:41 +0000  copying file ./Payload/App.app/public/admin/transcripts/__next.admin.transcripts.__PAGE__.txt ... 
2026-05-24 15:59:41 +0000  1151 bytes for ./Payload/App.app/public/admin/transcripts/__next.admin.transcripts.__PAGE__.txt
2026-05-24 15:59:41 +0000  copying file ./Payload/App.app/public/admin/grading/__next._tree.txt ... 
2026-05-24 15:59:41 +0000  498 bytes for ./Payload/App.app/public/admin/grading/__next._tree.txt
2026-05-24 15:59:41 +0000  copying file ./Payload/App.app/public/admin/grading/__next._head.txt ... 
2026-05-24 15:59:41 +0000  1825 bytes for ./Payload/App.app/public/admin/grading/__next._head.txt
2026-05-24 15:59:41 +0000  copying file ./Payload/App.app/public/admin/grading/__next.admin.grading.txt ... 
2026-05-24 15:59:41 +0000  525 bytes for ./Payload/App.app/public/admin/grading/__next.admin.grading.txt
2026-05-24 15:59:41 +0000  copying file ./Payload/App.app/public/admin/grading/__next.admin.txt ... 
2026-05-24 15:59:41 +0000  525 bytes for ./Payload/App.app/public/admin/grading/__next.admin.txt
copying file ./Payload/App.app/public/admin/grading/__next._full.txt ... 
2026-05-24 15:59:41 +0000  8146 bytes for ./Payload/App.app/public/admin/grading/__next._full.txt
2026-05-24 15:59:41 +0000  copying file ./Payload/App.app/public/admin/grading/__next._index.txt ... 
2026-05-24 15:59:41 +0000  3548 bytes for ./Payload/App.app/public/admin/grading/__next._index.txt
2026-05-24 15:59:41 +0000  copying file ./Payload/App.app/public/admin/grading/__next.admin.grading.__PAGE__.txt ... 
2026-05-24 15:59:41 +0000  1151 bytes for ./Payload/App.app/public/admin/grading/__next.admin.grading.__PAGE__.txt
2026-05-24 15:59:41 +0000  copying file ./Payload/App.app/public/admin/calendar/__next._tree.txt ... 
2026-05-24 15:59:41 +0000  499 bytes for ./Payload/App.app/public/admin/calendar/__next._tree.txt
2026-05-24 15:59:41 +0000  copying file ./Payload/App.app/public/admin/calendar/__next._head.txt ... 
2026-05-24 15:59:41 +0000  1825 bytes for ./Payload/App.app/public/admin/calendar/__next._head.txt
2026-05-24 15:59:41 +0000  copying file ./Payload/App.app/public/admin/calendar/__next.admin.txt ... 
2026-05-24 15:59:41 +0000  525 bytes for ./Payload/App.app/public/admin/calendar/__next.admin.txt
copying file ./Payload/App.app/public/admin/calendar/__next._full.txt ... 
2026-05-24 15:59:41 +0000  8148 bytes for ./Payload/App.app/public/admin/calendar/__next._full.txt
2026-05-24 15:59:41 +0000  copying file ./Payload/App.app/public/admin/calendar/__next._index.txt ... 
2026-05-24 15:59:41 +0000  3548 bytes for ./Payload/App.app/public/admin/calendar/__next._index.txt
2026-05-24 15:59:41 +0000  copying file ./Payload/App.app/public/admin/calendar/__next.admin.calendar.txt ... 
2026-05-24 15:59:41 +0000  525 bytes for ./Payload/App.app/public/admin/calendar/__next.admin.calendar.txt
2026-05-24 15:59:41 +0000  copying file ./Payload/App.app/public/admin/calendar/__next.admin.calendar.__PAGE__.txt ... 
2026-05-24 15:59:41 +0000  1151 bytes for ./Payload/App.app/public/admin/calendar/__next.admin.calendar.__PAGE__.txt
2026-05-24 15:59:41 +0000  copying file ./Payload/App.app/public/admin/accounts.html ... 
2026-05-24 15:59:41 +0000  11742 bytes for ./Payload/App.app/public/admin/accounts.html
2026-05-24 15:59:41 +0000  copying file ./Payload/App.app/public/admin/transport/__next._tree.txt ... 
2026-05-24 15:59:41 +0000  500 bytes for ./Payload/App.app/public/admin/transport/__next._tree.txt
2026-05-24 15:59:41 +0000  copying file ./Payload/App.app/public/admin/transport/__next._head.txt ... 
2026-05-24 15:59:41 +0000  1825 bytes for ./Payload/App.app/public/admin/transport/__next._head.txt
2026-05-24 15:59:41 +0000  copying file ./Payload/App.app/public/admin/transport/__next.admin.transport.txt ... 
2026-05-24 15:59:41 +0000  525 bytes for ./Payload/App.app/public/admin/transport/__next.admin.transport.txt
2026-05-24 15:59:41 +0000  copying file ./Payload/App.app/public/admin/transport/__next.admin.txt ... 
2026-05-24 15:59:41 +0000  525 bytes for ./Payload/App.app/public/admin/transport/__next.admin.txt
2026-05-24 15:59:41 +0000  copying file ./Payload/App.app/public/admin/transport/__next._full.txt ... 
2026-05-24 15:59:41 +0000  8150 bytes for ./Payload/App.app/public/admin/transport/__next._full.txt
2026-05-24 15:59:41 +0000  copying file ./Payload/App.app/public/admin/transport/__next._index.txt ... 
2026-05-24 15:59:41 +0000  3548 bytes for ./Payload/App.app/public/admin/transport/__next._index.txt
2026-05-24 15:59:41 +0000  copying file ./Payload/App.app/public/admin/transport/__next.admin.transport.__PAGE__.txt ... 
2026-05-24 15:59:41 +0000  1151 bytes for ./Payload/App.app/public/admin/transport/__next.admin.transport.__PAGE__.txt
2026-05-24 15:59:41 +0000  copying file ./Payload/App.app/public/admin/data-uploads.txt ... 
2026-05-24 15:59:41 +0000  8008 bytes for ./Payload/App.app/public/admin/data-uploads.txt
2026-05-24 15:59:41 +0000  copying file ./Payload/App.app/public/admin/calendar.html ... 
2026-05-24 15:59:41 +0000  11978 bytes for ./Payload/App.app/public/admin/calendar.html
2026-05-24 15:59:41 +0000  copying file ./Payload/App.app/public/admin/questions.txt ... 
2026-05-24 15:59:41 +0000  8002 bytes for ./Payload/App.app/public/admin/questions.txt
2026-05-24 15:59:41 +0000  copying file ./Payload/App.app/public/admin/excuses.txt ... 
2026-05-24 15:59:41 +0000  7998 bytes for ./Payload/App.app/public/admin/excuses.txt
2026-05-24 15:59:41 +0000  copying file ./Payload/App.app/public/admin/finance-reports.txt ... 
2026-05-24 15:59:41 +0000  8162 bytes for ./Payload/App.app/public/admin/finance-reports.txt
2026-05-24 15:59:41 +0000  copying file ./Payload/App.app/public/admin/attendance.txt ... 
2026-05-24 15:59:41 +0000  8004 bytes for ./Payload/App.app/public/admin/attendance.txt
2026-05-24 15:59:41 +0000  copying file ./Payload/App.app/public/admin/timetable.txt ... 
2026-05-24 15:59:41 +0000  8150 bytes for ./Payload/App.app/public/admin/timetable.txt
2026-05-24 15:59:41 +0000  copying file ./Payload/App.app/public/admin/interests.html ... 
2026-05-24 15:59:41 +0000  11980 bytes for ./Payload/App.app/public/admin/interests.html
2026-05-24 15:59:41 +0000  copying file ./Payload/App.app/public/admin/finance-accounts.html ... 
2026-05-24 15:59:41 +0000  11994 bytes for ./Payload/App.app/public/admin/finance-accounts.html
2026-05-24 15:59:41 +0000  copying file ./Payload/App.app/public/admin/fees/__next._tree.txt ... 
2026-05-24 15:59:41 +0000  495 bytes for ./Payload/App.app/public/admin/fees/__next._tree.txt
2026-05-24 15:59:41 +0000  copying file ./Payload/App.app/public/admin/fees/__next._head.txt ... 
2026-05-24 15:59:41 +0000  1825 bytes for ./Payload/App.app/public/admin/fees/__next._head.txt
2026-05-24 15:59:41 +0000  copying file ./Payload/App.app/public/admin/fees/__next.admin.fees.__PAGE__.txt ... 
2026-05-24 15:59:41 +0000  1024 bytes for ./Payload/App.app/public/admin/fees/__next.admin.fees.__PAGE__.txt
2026-05-24 15:59:41 +0000  copying file ./Payload/App.app/public/admin/fees/__next.admin.txt ... 
2026-05-24 15:59:41 +0000  525 bytes for ./Payload/App.app/public/admin/fees/__next.admin.txt
2026-05-24 15:59:41 +0000  copying file ./Payload/App.app/public/admin/fees/__next._full.txt ... 
2026-05-24 15:59:41 +0000  7992 bytes for ./Payload/App.app/public/admin/fees/__next._full.txt
2026-05-24 15:59:41 +0000  copying file ./Payload/App.app/public/admin/fees/__next._index.txt ... 
2026-05-24 15:59:41 +0000  3548 bytes for ./Payload/App.app/public/admin/fees/__next._index.txt
2026-05-24 15:59:41 +0000  copying file ./Payload/App.app/public/admin/fees/__next.admin.fees.txt ... 
2026-05-24 15:59:41 +0000  525 bytes for ./Payload/App.app/public/admin/fees/__next.admin.fees.txt
2026-05-24 15:59:41 +0000  copying file ./Payload/App.app/public/admin/guardians.html ... 
2026-05-24 15:59:41 +0000  11980 bytes for ./Payload/App.app/public/admin/guardians.html
2026-05-24 15:59:41 +0000  copying file ./Payload/App.app/public/admin/families.txt ... 
2026-05-24 15:59:41 +0000  8148 bytes for ./Payload/App.app/public/admin/families.txt
2026-05-24 15:59:41 +0000  copying file ./Payload/App.app/public/admin/enquiries.txt ... 
2026-05-24 15:59:41 +0000  8150 bytes for ./Payload/App.app/public/admin/enquiries.txt
2026-05-24 15:59:41 +0000  copying file ./Payload/App.app/public/admin/canteen-module.txt ... 
2026-05-24 15:59:41 +0000  8160 bytes for ./Payload/App.app/public/admin/canteen-module.txt
2026-05-24 15:59:41 +0000  copying file ./Payload/App.app/public/admin/settlements.html ... 
2026-05-24 15:59:41 +0000  11748 bytes for ./Payload/App.app/public/admin/settlements.html
2026-05-24 15:59:41 +0000  copying file ./Payload/App.app/public/admin/excuses.html ... 
2026-05-24 15:59:41 +0000  11740 bytes for ./Payload/App.app/public/admin/excuses.html
2026-05-24 15:59:41 +0000  copying file ./Payload/App.app/public/admin/employees.html ... 
2026-05-24 15:59:41 +0000  11980 bytes for ./Payload/App.app/public/admin/employees.html
2026-05-24 15:59:41 +0000  copying file ./Payload/App.app/public/admin/fee-reports.html ... 
2026-05-24 15:59:41 +0000  11984 bytes for ./Payload/App.app/public/admin/fee-reports.html
2026-05-24 15:59:41 +0000  copying file ./Payload/App.app/public/admin/feed.txt ... 
2026-05-24 15:59:41 +0000  7992 bytes for ./Payload/App.app/public/admin/feed.txt
2026-05-24 15:59:41 +0000  copying file ./Payload/App.app/public/admin/classes/__next._tree.txt ... 
2026-05-24 15:59:41 +0000  498 bytes for ./Payload/App.app/public/admin/classes/__next._tree.txt
2026-05-24 15:59:41 +0000  copying file ./Payload/App.app/public/admin/classes/__next._head.txt ... 
2026-05-24 15:59:41 +0000  1825 bytes for ./Payload/App.app/public/admin/classes/__next._head.txt
2026-05-24 15:59:41 +0000  copying file ./Payload/App.app/public/admin/classes/__next.admin.classes.txt ... 
2026-05-24 15:59:41 +0000  525 bytes for ./Payload/App.app/public/admin/classes/__next.admin.classes.txt
2026-05-24 15:59:41 +0000  copying file ./Payload/App.app/public/admin/classes/__next.admin.txt ... 
2026-05-24 15:59:41 +0000  525 bytes for ./Payload/App.app/public/admin/classes/__next.admin.txt
copying file ./Payload/App.app/public/admin/classes/__next.admin.classes.__PAGE__.txt ... 
2026-05-24 15:59:41 +0000  1151 bytes for ./Payload/App.app/public/admin/classes/__next.admin.classes.__PAGE__.txt
2026-05-24 15:59:41 +0000  copying file ./Payload/App.app/public/admin/classes/__next._full.txt ... 
2026-05-24 15:59:41 +0000  8146 bytes for ./Payload/App.app/public/admin/classes/__next._full.txt
2026-05-24 15:59:41 +0000  copying file ./Payload/App.app/public/admin/classes/__next._index.txt ... 
2026-05-24 15:59:41 +0000  3548 bytes for ./Payload/App.app/public/admin/classes/__next._index.txt
2026-05-24 15:59:41 +0000  copying file ./Payload/App.app/public/admin/fees.txt ... 
2026-05-24 15:59:41 +0000  7992 bytes for ./Payload/App.app/public/admin/fees.txt
2026-05-24 15:59:41 +0000  copying file ./Payload/App.app/public/admin/canteen.html ... 
2026-05-24 15:59:41 +0000  11740 bytes for ./Payload/App.app/public/admin/canteen.html
2026-05-24 15:59:41 +0000  copying file ./Payload/App.app/public/admin/staff-checkin/__next._tree.txt ... 
2026-05-24 15:59:41 +0000  504 bytes for ./Payload/App.app/public/admin/staff-checkin/__next._tree.txt
2026-05-24 15:59:41 +0000  copying file ./Payload/App.app/public/admin/staff-checkin/__next._head.txt ... 
2026-05-24 15:59:41 +0000  1825 bytes for ./Payload/App.app/public/admin/staff-checkin/__next._head.txt
2026-05-24 15:59:41 +0000  copying file ./Payload/App.app/public/admin/staff-checkin/__next.admin.txt ... 
2026-05-24 15:59:41 +0000  525 bytes for ./Payload/App.app/public/admin/staff-checkin/__next.admin.txt
2026-05-24 15:59:41 +0000  copying file ./Payload/App.app/public/admin/staff-checkin/__next.admin.staff-checkin.txt ... 
2026-05-24 15:59:41 +0000  525 bytes for ./Payload/App.app/public/admin/staff-checkin/__next.admin.staff-checkin.txt
copying file ./Payload/App.app/public/admin/staff-checkin/__next._full.txt ... 
2026-05-24 15:59:41 +0000  8010 bytes for ./Payload/App.app/public/admin/staff-checkin/__next._full.txt
2026-05-24 15:59:41 +0000  copying file ./Payload/App.app/public/admin/staff-checkin/__next._index.txt ... 
2026-05-24 15:59:41 +0000  3548 bytes for ./Payload/App.app/public/admin/staff-checkin/__next._index.txt
2026-05-24 15:59:41 +0000  copying file ./Payload/App.app/public/admin/staff-checkin/__next.admin.staff-checkin.__PAGE__.txt ... 
2026-05-24 15:59:41 +0000  1024 bytes for ./Payload/App.app/public/admin/staff-checkin/__next.admin.staff-checkin.__PAGE__.txt
2026-05-24 15:59:41 +0000  copying file ./Payload/App.app/public/admin/finance-reports/__next.admin.finance-reports.__PAGE__.txt ... 
2026-05-24 15:59:41 +0000  1151 bytes for ./Payload/App.app/public/admin/finance-reports/__next.admin.finance-reports.__PAGE__.txt
2026-05-24 15:59:41 +0000  copying file ./Payload/App.app/public/admin/finance-reports/__next._tree.txt ... 
2026-05-24 15:59:41 +0000  506 bytes for ./Payload/App.app/public/admin/finance-reports/__next._tree.txt
2026-05-24 15:59:41 +0000  copying file ./Payload/App.app/public/admin/finance-reports/__next._head.txt ... 
2026-05-24 15:59:41 +0000  1825 bytes for ./Payload/App.app/public/admin/finance-reports/__next._head.txt
2026-05-24 15:59:41 +0000  copying file ./Payload/App.app/public/admin/finance-reports/__next.admin.txt ... 
2026-05-24 15:59:41 +0000  525 bytes for ./Payload/App.app/public/admin/finance-reports/__next.admin.txt
copying file ./Payload/App.app/public/admin/finance-reports/__next.admin.finance-reports.txt ... 
2026-05-24 15:59:41 +0000  525 bytes for ./Payload/App.app/public/admin/finance-reports/__next.admin.finance-reports.txt
2026-05-24 15:59:41 +0000  copying file ./Payload/App.app/public/admin/finance-reports/__next._full.txt ... 
2026-05-24 15:59:41 +0000  8162 bytes for ./Payload/App.app/public/admin/finance-reports/__next._full.txt
2026-05-24 15:59:41 +0000  copying file ./Payload/App.app/public/admin/finance-reports/__next._index.txt ... 
2026-05-24 15:59:41 +0000  3548 bytes for ./Payload/App.app/public/admin/finance-reports/__next._index.txt
2026-05-24 15:59:41 +0000  copying file ./Payload/App.app/public/admin/__next.admin.__PAGE__.txt ... 
2026-05-24 15:59:41 +0000  1024 bytes for ./Payload/App.app/public/admin/__next.admin.__PAGE__.txt
2026-05-24 15:59:41 +0000  copying file ./Payload/App.app/public/admin/assessments.html ... 
2026-05-24 15:59:41 +0000  11984 bytes for ./Payload/App.app/public/admin/assessments.html
2026-05-24 15:59:41 +0000  copying file ./Payload/App.app/public/admin/settlements/__next.admin.settlements.txt ... 
2026-05-24 15:59:41 +0000  525 bytes for ./Payload/App.app/public/admin/settlements/__next.admin.settlements.txt
2026-05-24 15:59:41 +0000  copying file ./Payload/App.app/public/admin/settlements/__next._tree.txt ... 
2026-05-24 15:59:41 +0000  502 bytes for ./Payload/App.app/public/admin/settlements/__next._tree.txt
copying file ./Payload/App.app/public/admin/settlements/__next._head.txt ... 
2026-05-24 15:59:41 +0000  1825 bytes for ./Payload/App.app/public/admin/settlements/__next._head.txt
2026-05-24 15:59:41 +0000  copying file ./Payload/App.app/public/admin/settlements/__next.admin.txt ... 
2026-05-24 15:59:41 +0000  525 bytes for ./Payload/App.app/public/admin/settlements/__next.admin.txt
2026-05-24 15:59:41 +0000  copying file ./Payload/App.app/public/admin/settlements/__next._full.txt ... 
2026-05-24 15:59:41 +0000  8006 bytes for ./Payload/App.app/public/admin/settlements/__next._full.txt
2026-05-24 15:59:41 +0000  copying file ./Payload/App.app/public/admin/settlements/__next._index.txt ... 
2026-05-24 15:59:41 +0000  3548 bytes for ./Payload/App.app/public/admin/settlements/__next._index.txt
2026-05-24 15:59:41 +0000  copying file ./Payload/App.app/public/admin/settlements/__next.admin.settlements.__PAGE__.txt ... 
2026-05-24 15:59:41 +0000  1024 bytes for ./Payload/App.app/public/admin/settlements/__next.admin.settlements.__PAGE__.txt
2026-05-24 15:59:41 +0000  copying file ./Payload/App.app/public/admin/finance-payments.html ... 
2026-05-24 15:59:41 +0000  11994 bytes for ./Payload/App.app/public/admin/finance-payments.html
2026-05-24 15:59:41 +0000  copying file ./Payload/App.app/public/admin/__next._full.txt ... 
2026-05-24 15:59:41 +0000  7589 bytes for ./Payload/App.app/public/admin/__next._full.txt
2026-05-24 15:59:41 +0000  copying file ./Payload/App.app/public/admin/canteen/__next._tree.txt ... 
2026-05-24 15:59:41 +0000  498 bytes for ./Payload/App.app/public/admin/canteen/__next._tree.txt
2026-05-24 15:59:41 +0000  copying file ./Payload/App.app/public/admin/canteen/__next._head.txt ... 
2026-05-24 15:59:41 +0000  1825 bytes for ./Payload/App.app/public/admin/canteen/__next._head.txt
2026-05-24 15:59:41 +0000  copying file ./Payload/App.app/public/admin/canteen/__next.admin.txt ... 
2026-05-24 15:59:41 +0000  525 bytes for ./Payload/App.app/public/admin/canteen/__next.admin.txt
copying file ./Payload/App.app/public/admin/canteen/__next._full.txt ... 
2026-05-24 15:59:41 +0000  7998 bytes for ./Payload/App.app/public/admin/canteen/__next._full.txt
2026-05-24 15:59:41 +0000  copying file ./Payload/App.app/public/admin/canteen/__next._index.txt ... 
2026-05-24 15:59:41 +0000  3548 bytes for ./Payload/App.app/public/admin/canteen/__next._index.txt
2026-05-24 15:59:41 +0000  copying file ./Payload/App.app/public/admin/canteen/__next.admin.canteen.txt ... 
2026-05-24 15:59:41 +0000  525 bytes for ./Payload/App.app/public/admin/canteen/__next.admin.canteen.txt
copying file ./Payload/App.app/public/admin/canteen/__next.admin.canteen.__PAGE__.txt ... 
2026-05-24 15:59:41 +0000  1024 bytes for ./Payload/App.app/public/admin/canteen/__next.admin.canteen.__PAGE__.txt
2026-05-24 15:59:41 +0000  copying file ./Payload/App.app/public/admin/chats.txt ... 
2026-05-24 15:59:41 +0000  7994 bytes for ./Payload/App.app/public/admin/chats.txt
2026-05-24 15:59:41 +0000  copying file ./Payload/App.app/public/admin/smart-reports.txt ... 
2026-05-24 15:59:41 +0000  8158 bytes for ./Payload/App.app/public/admin/smart-reports.txt
2026-05-24 15:59:41 +0000  copying file ./Payload/App.app/public/admin/__next._index.txt ... 
2026-05-24 15:59:41 +0000  3548 bytes for ./Payload/App.app/public/admin/__next._index.txt
2026-05-24 15:59:41 +0000  copying file ./Payload/App.app/public/admin/employees.txt ... 
2026-05-24 15:59:41 +0000  8150 bytes for ./Payload/App.app/public/admin/employees.txt
2026-05-24 15:59:41 +0000  copying file ./Payload/App.app/public/admin/attendance.html ... 
2026-05-24 15:59:41 +0000  11746 bytes for ./Payload/App.app/public/admin/attendance.html
2026-05-24 15:59:41 +0000  copying file ./Payload/App.app/public/admin/transport.html ... 
2026-05-24 15:59:41 +0000  11980 bytes for ./Payload/App.app/public/admin/transport.html
2026-05-24 15:59:41 +0000  copying file ./Payload/App.app/public/admin/audit-logs.txt ... 
2026-05-24 15:59:41 +0000  8004 bytes for ./Payload/App.app/public/admin/audit-logs.txt
2026-05-24 15:59:41 +0000  copying file ./Payload/App.app/public/admin/library.html ... 
2026-05-24 15:59:41 +0000  11740 bytes for ./Payload/App.app/public/admin/library.html
2026-05-24 15:59:41 +0000  copying file ./Payload/App.app/public/admin/finance-payments/__next._tree.txt ... 
2026-05-24 15:59:41 +0000  507 bytes for ./Payload/App.app/public/admin/finance-payments/__next._tree.txt
2026-05-24 15:59:41 +0000  copying file ./Payload/App.app/public/admin/finance-payments/__next._head.txt ... 
2026-05-24 15:59:41 +0000  1825 bytes for ./Payload/App.app/public/admin/finance-payments/__next._head.txt
2026-05-24 15:59:41 +0000  copying file ./Payload/App.app/public/admin/finance-payments/__next.admin.txt ... 
2026-05-24 15:59:41 +0000  525 bytes for ./Payload/App.app/public/admin/finance-payments/__next.admin.txt
2026-05-24 15:59:41 +0000  copying file ./Payload/App.app/public/admin/finance-payments/__next._full.txt ... 
2026-05-24 15:59:41 +0000  8164 bytes for ./Payload/App.app/public/admin/finance-payments/__next._full.txt
2026-05-24 15:59:41 +0000  copying file ./Payload/App.app/public/admin/finance-payments/__next._index.txt ... 
2026-05-24 15:59:41 +0000  3548 bytes for ./Payload/App.app/public/admin/finance-payments/__next._index.txt
2026-05-24 15:59:41 +0000  copying file ./Payload/App.app/public/admin/finance-payments/__next.admin.finance-payments.txt ... 
2026-05-24 15:59:41 +0000  525 bytes for ./Payload/App.app/public/admin/finance-payments/__next.admin.finance-payments.txt
2026-05-24 15:59:41 +0000  copying file ./Payload/App.app/public/admin/finance-payments/__next.admin.finance-payments.__PAGE__.txt ... 
2026-05-24 15:59:41 +0000  1151 bytes for ./Payload/App.app/public/admin/finance-payments/__next.admin.finance-payments.__PAGE__.txt
2026-05-24 15:59:41 +0000  copying file ./Payload/App.app/public/admin/hr-settings.txt ... 
2026-05-24 15:59:41 +0000  8154 bytes for ./Payload/App.app/public/admin/hr-settings.txt
2026-05-24 15:59:41 +0000  copying file ./Payload/App.app/public/admin/canteen.txt ... 
2026-05-24 15:59:41 +0000  7998 bytes for ./Payload/App.app/public/admin/canteen.txt
2026-05-24 15:59:41 +0000  copying file ./Payload/App.app/public/admin/settings.txt ... 
2026-05-24 15:59:41 +0000  8147 bytes for ./Payload/App.app/public/admin/settings.txt
2026-05-24 15:59:41 +0000  copying file ./Payload/App.app/public/admin/students.txt ... 
2026-05-24 15:59:41 +0000  8148 bytes for ./Payload/App.app/public/admin/students.txt
2026-05-24 15:59:41 +0000  copying file ./Payload/App.app/public/admin/payroll.html ... 
2026-05-24 15:59:41 +0000  11740 bytes for ./Payload/App.app/public/admin/payroll.html
2026-05-24 15:59:41 +0000  copying file ./Payload/App.app/public/admin/online-learning/__next._tree.txt ... 
2026-05-24 15:59:41 +0000  506 bytes for ./Payload/App.app/public/admin/online-learning/__next._tree.txt
2026-05-24 15:59:41 +0000  copying file ./Payload/App.app/public/admin/online-learning/__next._head.txt ... 
2026-05-24 15:59:41 +0000  1825 bytes for ./Payload/App.app/public/admin/online-learning/__next._head.txt
2026-05-24 15:59:41 +0000  copying file ./Payload/App.app/public/admin/online-learning/__next.admin.txt ... 
2026-05-24 15:59:41 +0000  525 bytes for ./Payload/App.app/public/admin/online-learning/__next.admin.txt
2026-05-24 15:59:41 +0000  copying file ./Payload/App.app/public/admin/online-learning/__next._full.txt ... 
2026-05-24 15:59:41 +0000  8161 bytes for ./Payload/App.app/public/admin/online-learning/__next._full.txt
2026-05-24 15:59:41 +0000  copying file ./Payload/App.app/public/admin/online-learning/__next._index.txt ... 
2026-05-24 15:59:41 +0000  3548 bytes for ./Payload/App.app/public/admin/online-learning/__next._index.txt
2026-05-24 15:59:41 +0000  copying file ./Payload/App.app/public/admin/online-learning/__next.admin.online-learning.txt ... 
525 bytes for ./Payload/App.app/public/admin/online-learning/__next.admin.online-learning.txt
2026-05-24 15:59:41 +0000  copying file ./Payload/App.app/public/admin/online-learning/__next.admin.online-learning.__PAGE__.txt ... 
2026-05-24 15:59:41 +0000  1150 bytes for ./Payload/App.app/public/admin/online-learning/__next.admin.online-learning.__PAGE__.txt
2026-05-24 15:59:41 +0000  copying file ./Payload/App.app/public/admin/canteen-module.html ... 
2026-05-24 15:59:41 +0000  11990 bytes for ./Payload/App.app/public/admin/canteen-module.html
2026-05-24 15:59:41 +0000  copying file ./Payload/App.app/public/admin/messaging.txt ... 
2026-05-24 15:59:41 +0000  8150 bytes for ./Payload/App.app/public/admin/messaging.txt
2026-05-24 15:59:41 +0000  copying file ./Payload/App.app/public/admin/announcements/__next._tree.txt ... 
2026-05-24 15:59:41 +0000  504 bytes for ./Payload/App.app/public/admin/announcements/__next._tree.txt
2026-05-24 15:59:41 +0000  copying file ./Payload/App.app/public/admin/announcements/__next._head.txt ... 
2026-05-24 15:59:41 +0000  1825 bytes for ./Payload/App.app/public/admin/announcements/__next._head.txt
2026-05-24 15:59:41 +0000  copying file ./Payload/App.app/public/admin/announcements/__next.admin.txt ... 
2026-05-24 15:59:41 +0000  525 bytes for ./Payload/App.app/public/admin/announcements/__next.admin.txt
2026-05-24 15:59:41 +0000  copying file ./Payload/App.app/public/admin/announcements/__next.admin.announcements.__PAGE__.txt ... 
2026-05-24 15:59:41 +0000  1024 bytes for ./Payload/App.app/public/admin/announcements/__next.admin.announcements.__PAGE__.txt
2026-05-24 15:59:41 +0000  copying file ./Payload/App.app/public/admin/announcements/__next._full.txt ... 
2026-05-24 15:59:41 +0000  8010 bytes for ./Payload/App.app/public/admin/announcements/__next._full.txt
2026-05-24 15:59:41 +0000  copying file ./Payload/App.app/public/admin/announcements/__next._index.txt ... 
2026-05-24 15:59:41 +0000  3548 bytes for ./Payload/App.app/public/admin/announcements/__next._index.txt
2026-05-24 15:59:41 +0000  copying file ./Payload/App.app/public/admin/announcements/__next.admin.announcements.txt ... 
2026-05-24 15:59:41 +0000  525 bytes for ./Payload/App.app/public/admin/announcements/__next.admin.announcements.txt
2026-05-24 15:59:41 +0000  copying file ./Payload/App.app/public/admin/library/__next._tree.txt ... 
2026-05-24 15:59:41 +0000  498 bytes for ./Payload/App.app/public/admin/library/__next._tree.txt
2026-05-24 15:59:41 +0000  copying file ./Payload/App.app/public/admin/library/__next.admin.library.__PAGE__.txt ... 
2026-05-24 15:59:41 +0000  1024 bytes for ./Payload/App.app/public/admin/library/__next.admin.library.__PAGE__.txt
2026-05-24 15:59:41 +0000  copying file ./Payload/App.app/public/admin/library/__next._head.txt ... 
2026-05-24 15:59:41 +0000  1825 bytes for ./Payload/App.app/public/admin/library/__next._head.txt
2026-05-24 15:59:41 +0000  copying file ./Payload/App.app/public/admin/library/__next.admin.library.txt ... 
2026-05-24 15:59:41 +0000  525 bytes for ./Payload/App.app/public/admin/library/__next.admin.library.txt
2026-05-24 15:59:41 +0000  copying file ./Payload/App.app/public/admin/library/__next.admin.txt ... 
2026-05-24 15:59:41 +0000  525 bytes for ./Payload/App.app/public/admin/library/__next.admin.txt
copying file ./Payload/App.app/public/admin/library/__next._full.txt ... 
2026-05-24 15:59:41 +0000  7998 bytes for ./Payload/App.app/public/admin/library/__next._full.txt
2026-05-24 15:59:41 +0000  copying file ./Payload/App.app/public/admin/library/__next._index.txt ... 
2026-05-24 15:59:41 +0000  3548 bytes for ./Payload/App.app/public/admin/library/__next._index.txt
2026-05-24 15:59:41 +0000  copying file ./Payload/App.app/public/admin/import.txt ... 
2026-05-24 15:59:41 +0000  7996 bytes for ./Payload/App.app/public/admin/import.txt
2026-05-24 15:59:41 +0000  copying file ./Payload/App.app/public/admin/reports.txt ... 
2026-05-24 15:59:41 +0000  8146 bytes for ./Payload/App.app/public/admin/reports.txt
2026-05-24 15:59:41 +0000  copying file ./Payload/App.app/public/admin/hr-settings.html ... 
2026-05-24 15:59:41 +0000  11984 bytes for ./Payload/App.app/public/admin/hr-settings.html
2026-05-24 15:59:41 +0000  copying file ./Payload/App.app/public/admin/announcements.html ... 
2026-05-24 15:59:41 +0000  11752 bytes for ./Payload/App.app/public/admin/announcements.html
2026-05-24 15:59:41 +0000  copying file ./Payload/App.app/public/admin/hr-settings/__next._tree.txt ... 
2026-05-24 15:59:41 +0000  502 bytes for ./Payload/App.app/public/admin/hr-settings/__next._tree.txt
2026-05-24 15:59:41 +0000  copying file ./Payload/App.app/public/admin/hr-settings/__next._head.txt ... 
2026-05-24 15:59:41 +0000  1825 bytes for ./Payload/App.app/public/admin/hr-settings/__next._head.txt
2026-05-24 15:59:41 +0000  copying file ./Payload/App.app/public/admin/hr-settings/__next.admin.txt ... 
2026-05-24 15:59:41 +0000  525 bytes for ./Payload/App.app/public/admin/hr-settings/__next.admin.txt
copying file ./Payload/App.app/public/admin/hr-settings/__next._full.txt ... 
2026-05-24 15:59:41 +0000  8154 bytes for ./Payload/App.app/public/admin/hr-settings/__next._full.txt
2026-05-24 15:59:41 +0000  copying file ./Payload/App.app/public/admin/hr-settings/__next._index.txt ... 
2026-05-24 15:59:41 +0000  3548 bytes for ./Payload/App.app/public/admin/hr-settings/__next._index.txt
2026-05-24 15:59:41 +0000  copying file ./Payload/App.app/public/admin/hr-settings/__next.admin.hr-settings.__PAGE__.txt ... 
2026-05-24 15:59:41 +0000  1151 bytes for ./Payload/App.app/public/admin/hr-settings/__next.admin.hr-settings.__PAGE__.txt
2026-05-24 15:59:41 +0000  copying file ./Payload/App.app/public/admin/hr-settings/__next.admin.hr-settings.txt ... 
2026-05-24 15:59:41 +0000  525 bytes for ./Payload/App.app/public/admin/hr-settings/__next.admin.hr-settings.txt
2026-05-24 15:59:41 +0000  copying file ./Payload/App.app/public/admin/online-learning.txt ... 
2026-05-24 15:59:41 +0000  8161 bytes for ./Payload/App.app/public/admin/online-learning.txt
2026-05-24 15:59:41 +0000  copying file ./Payload/App.app/public/admin/discount.txt ... 
2026-05-24 15:59:41 +0000  8148 bytes for ./Payload/App.app/public/admin/discount.txt
2026-05-24 15:59:41 +0000  copying file ./Payload/App.app/public/admin/gate.txt ... 
2026-05-24 15:59:41 +0000  7992 bytes for ./Payload/App.app/public/admin/gate.txt
2026-05-24 15:59:41 +0000  copying file ./Payload/App.app/public/admin/assessments.txt ... 
2026-05-24 15:59:41 +0000  8154 bytes for ./Payload/App.app/public/admin/assessments.txt
2026-05-24 15:59:41 +0000  copying file ./Payload/App.app/public/admin/discount/__next.admin.discount.__PAGE__.txt ... 
2026-05-24 15:59:41 +0000  1151 bytes for ./Payload/App.app/public/admin/discount/__next.admin.discount.__PAGE__.txt
2026-05-24 15:59:41 +0000  copying file ./Payload/App.app/public/admin/discount/__next._tree.txt ... 
2026-05-24 15:59:41 +0000  499 bytes for ./Payload/App.app/public/admin/discount/__next._tree.txt
2026-05-24 15:59:41 +0000  copying file ./Payload/App.app/public/admin/discount/__next._head.txt ... 
2026-05-24 15:59:41 +0000  1825 bytes for ./Payload/App.app/public/admin/discount/__next._head.txt
2026-05-24 15:59:41 +0000  copying file ./Payload/App.app/public/admin/discount/__next.admin.txt ... 
2026-05-24 15:59:41 +0000  525 bytes for ./Payload/App.app/public/admin/discount/__next.admin.txt
2026-05-24 15:59:41 +0000  copying file ./Payload/App.app/public/admin/discount/__next._full.txt ... 
2026-05-24 15:59:41 +0000  8148 bytes for ./Payload/App.app/public/admin/discount/__next._full.txt
2026-05-24 15:59:41 +0000  copying file ./Payload/App.app/public/admin/discount/__next._index.txt ... 
2026-05-24 15:59:41 +0000  3548 bytes for ./Payload/App.app/public/admin/discount/__next._index.txt
2026-05-24 15:59:41 +0000  copying file ./Payload/App.app/public/admin/discount/__next.admin.discount.txt ... 
2026-05-24 15:59:41 +0000  525 bytes for ./Payload/App.app/public/admin/discount/__next.admin.discount.txt
2026-05-24 15:59:41 +0000  copying file ./Payload/App.app/public/admin/staff-checkin.txt ... 
2026-05-24 15:59:41 +0000  8010 bytes for ./Payload/App.app/public/admin/staff-checkin.txt
2026-05-24 15:59:41 +0000  copying file ./Payload/App.app/public/admin/smart-reports.html ... 
2026-05-24 15:59:41 +0000  11988 bytes for ./Payload/App.app/public/admin/smart-reports.html
2026-05-24 15:59:41 +0000  copying file ./Payload/App.app/public/admin/excuses/__next._tree.txt ... 
2026-05-24 15:59:41 +0000  498 bytes for ./Payload/App.app/public/admin/excuses/__next._tree.txt
2026-05-24 15:59:41 +0000  copying file ./Payload/App.app/public/admin/excuses/__next._head.txt ... 
2026-05-24 15:59:41 +0000  1825 bytes for ./Payload/App.app/public/admin/excuses/__next._head.txt
copying file ./Payload/App.app/public/admin/excuses/__next.admin.txt ... 
2026-05-24 15:59:41 +0000  525 bytes for ./Payload/App.app/public/admin/excuses/__next.admin.txt
2026-05-24 15:59:41 +0000  copying file ./Payload/App.app/public/admin/excuses/__next.admin.excuses.txt ... 
2026-05-24 15:59:41 +0000  525 bytes for ./Payload/App.app/public/admin/excuses/__next.admin.excuses.txt
2026-05-24 15:59:41 +0000  copying file ./Payload/App.app/public/admin/excuses/__next.admin.excuses.__PAGE__.txt ... 
2026-05-24 15:59:41 +0000  1024 bytes for ./Payload/App.app/public/admin/excuses/__next.admin.excuses.__PAGE__.txt
copying file ./Payload/App.app/public/admin/excuses/__next._full.txt ... 
2026-05-24 15:59:41 +0000  7998 bytes for ./Payload/App.app/public/admin/excuses/__next._full.txt
2026-05-24 15:59:41 +0000  copying file ./Payload/App.app/public/admin/excuses/__next._index.txt ... 
2026-05-24 15:59:41 +0000  3548 bytes for ./Payload/App.app/public/admin/excuses/__next._index.txt
2026-05-24 15:59:41 +0000  copying file ./Payload/App.app/public/admin/students/__next._tree.txt ... 
2026-05-24 15:59:41 +0000  499 bytes for ./Payload/App.app/public/admin/students/__next._tree.txt
2026-05-24 15:59:41 +0000  copying file ./Payload/App.app/public/admin/students/__next._head.txt ... 
2026-05-24 15:59:41 +0000  1825 bytes for ./Payload/App.app/public/admin/students/__next._head.txt
2026-05-24 15:59:41 +0000  copying file ./Payload/App.app/public/admin/students/__next.admin.txt ... 
2026-05-24 15:59:41 +0000  525 bytes for ./Payload/App.app/public/admin/students/__next.admin.txt
2026-05-24 15:59:41 +0000  copying file ./Payload/App.app/public/admin/students/__next._full.txt ... 
2026-05-24 15:59:41 +0000  8148 bytes for ./Payload/App.app/public/admin/students/__next._full.txt
2026-05-24 15:59:41 +0000  copying file ./Payload/App.app/public/admin/students/__next._index.txt ... 
2026-05-24 15:59:41 +0000  3548 bytes for ./Payload/App.app/public/admin/students/__next._index.txt
2026-05-24 15:59:41 +0000  copying file ./Payload/App.app/public/admin/students/__next.admin.students.__PAGE__.txt ... 
2026-05-24 15:59:41 +0000  1151 bytes for ./Payload/App.app/public/admin/students/__next.admin.students.__PAGE__.txt
2026-05-24 15:59:41 +0000  copying file ./Payload/App.app/public/admin/students/__next.admin.students.txt ... 
2026-05-24 15:59:41 +0000  525 bytes for ./Payload/App.app/public/admin/students/__next.admin.students.txt
2026-05-24 15:59:41 +0000  copying file ./Payload/App.app/public/admin/guardians.txt ... 
2026-05-24 15:59:41 +0000  8150 bytes for ./Payload/App.app/public/admin/guardians.txt
2026-05-24 15:59:41 +0000  copying file ./Payload/App.app/public/admin/questions.html ... 
2026-05-24 15:59:41 +0000  11744 bytes for ./Payload/App.app/public/admin/questions.html
2026-05-24 15:59:41 +0000  copying file ./Payload/App.app/public/admin/fee-billing/__next._tree.txt ... 
2026-05-24 15:59:41 +0000  502 bytes for ./Payload/App.app/public/admin/fee-billing/__next._tree.txt
2026-05-24 15:59:41 +0000  copying file ./Payload/App.app/public/admin/fee-billing/__next._head.txt ... 
2026-05-24 15:59:41 +0000  1825 bytes for ./Payload/App.app/public/admin/fee-billing/__next._head.txt
copying file ./Payload/App.app/public/admin/fee-billing/__next.admin.txt ... 
2026-05-24 15:59:41 +0000  525 bytes for ./Payload/App.app/public/admin/fee-billing/__next.admin.txt
copying file ./Payload/App.app/public/admin/fee-billing/__next._full.txt ... 
2026-05-24 15:59:41 +0000  8154 bytes for ./Payload/App.app/public/admin/fee-billing/__next._full.txt
2026-05-24 15:59:41 +0000  copying file ./Payload/App.app/public/admin/fee-billing/__next._index.txt ... 
2026-05-24 15:59:41 +0000  3548 bytes for ./Payload/App.app/public/admin/fee-billing/__next._index.txt
2026-05-24 15:59:41 +0000  copying file ./Payload/App.app/public/admin/fee-billing/__next.admin.fee-billing.txt ... 
2026-05-24 15:59:41 +0000  525 bytes for ./Payload/App.app/public/admin/fee-billing/__next.admin.fee-billing.txt
copying file ./Payload/App.app/public/admin/fee-billing/__next.admin.fee-billing.__PAGE__.txt ... 
2026-05-24 15:59:41 +0000  1151 bytes for ./Payload/App.app/public/admin/fee-billing/__next.admin.fee-billing.__PAGE__.txt
2026-05-24 15:59:41 +0000  copying file ./Payload/App.app/public/admin/fee-reports/__next._tree.txt ... 
2026-05-24 15:59:41 +0000  502 bytes for ./Payload/App.app/public/admin/fee-reports/__next._tree.txt
2026-05-24 15:59:41 +0000  copying file ./Payload/App.app/public/admin/fee-reports/__next._head.txt ... 
2026-05-24 15:59:41 +0000  1825 bytes for ./Payload/App.app/public/admin/fee-reports/__next._head.txt
2026-05-24 15:59:41 +0000  copying file ./Payload/App.app/public/admin/fee-reports/__next.admin.txt ... 
2026-05-24 15:59:41 +0000  525 bytes for ./Payload/App.app/public/admin/fee-reports/__next.admin.txt
2026-05-24 15:59:41 +0000  copying file ./Payload/App.app/public/admin/fee-reports/__next._full.txt ... 
2026-05-24 15:59:41 +0000  8154 bytes for ./Payload/App.app/public/admin/fee-reports/__next._full.txt
2026-05-24 15:59:41 +0000  copying file ./Payload/App.app/public/admin/fee-reports/__next._index.txt ... 
2026-05-24 15:59:41 +0000  3548 bytes for ./Payload/App.app/public/admin/fee-reports/__next._index.txt
2026-05-24 15:59:41 +0000  copying file ./Payload/App.app/public/admin/fee-reports/__next.admin.fee-reports.__PAGE__.txt ... 
2026-05-24 15:59:41 +0000  1151 bytes for ./Payload/App.app/public/admin/fee-reports/__next.admin.fee-reports.__PAGE__.txt
2026-05-24 15:59:41 +0000  copying file ./Payload/App.app/public/admin/fee-reports/__next.admin.fee-reports.txt ... 
2026-05-24 15:59:41 +0000  525 bytes for ./Payload/App.app/public/admin/fee-reports/__next.admin.fee-reports.txt
2026-05-24 15:59:41 +0000  copying file ./Payload/App.app/public/admin/guardians/__next._tree.txt ... 
2026-05-24 15:59:41 +0000  500 bytes for ./Payload/App.app/public/admin/guardians/__next._tree.txt
2026-05-24 15:59:41 +0000  copying file ./Payload/App.app/public/admin/guardians/__next._head.txt ... 
2026-05-24 15:59:41 +0000  1825 bytes for ./Payload/App.app/public/admin/guardians/__next._head.txt
2026-05-24 15:59:41 +0000  copying file ./Payload/App.app/public/admin/guardians/__next.admin.txt ... 
2026-05-24 15:59:41 +0000  525 bytes for ./Payload/App.app/public/admin/guardians/__next.admin.txt
2026-05-24 15:59:41 +0000  copying file ./Payload/App.app/public/admin/guardians/__next.admin.guardians.txt ... 
2026-05-24 15:59:41 +0000  525 bytes for ./Payload/App.app/public/admin/guardians/__next.admin.guardians.txt
2026-05-24 15:59:41 +0000  copying file ./Payload/App.app/public/admin/guardians/__next._full.txt ... 
2026-05-24 15:59:41 +0000  8150 bytes for ./Payload/App.app/public/admin/guardians/__next._full.txt
2026-05-24 15:59:41 +0000  copying file ./Payload/App.app/public/admin/guardians/__next.admin.guardians.__PAGE__.txt ... 
2026-05-24 15:59:41 +0000  1151 bytes for ./Payload/App.app/public/admin/guardians/__next.admin.guardians.__PAGE__.txt
2026-05-24 15:59:41 +0000  copying file ./Payload/App.app/public/admin/guardians/__next._index.txt ... 
2026-05-24 15:59:41 +0000  3548 bytes for ./Payload/App.app/public/admin/guardians/__next._index.txt
2026-05-24 15:59:41 +0000  copying file ./Payload/App.app/public/admin/accounts/__next._tree.txt ... 
2026-05-24 15:59:41 +0000  499 bytes for ./Payload/App.app/public/admin/accounts/__next._tree.txt
2026-05-24 15:59:41 +0000  copying file ./Payload/App.app/public/admin/accounts/__next._head.txt ... 
2026-05-24 15:59:41 +0000  1825 bytes for ./Payload/App.app/public/admin/accounts/__next._head.txt
2026-05-24 15:59:41 +0000  copying file ./Payload/App.app/public/admin/accounts/__next.admin.txt ... 
2026-05-24 15:59:41 +0000  525 bytes for ./Payload/App.app/public/admin/accounts/__next.admin.txt
2026-05-24 15:59:41 +0000  copying file ./Payload/App.app/public/admin/accounts/__next._full.txt ... 
2026-05-24 15:59:41 +0000  8000 bytes for ./Payload/App.app/public/admin/accounts/__next._full.txt
2026-05-24 15:59:41 +0000  copying file ./Payload/App.app/public/admin/accounts/__next.admin.accounts.txt ... 
2026-05-24 15:59:41 +0000  525 bytes for ./Payload/App.app/public/admin/accounts/__next.admin.accounts.txt
copying file ./Payload/App.app/public/admin/accounts/__next._index.txt ... 
2026-05-24 15:59:41 +0000  3548 bytes for ./Payload/App.app/public/admin/accounts/__next._index.txt
2026-05-24 15:59:41 +0000  copying file ./Payload/App.app/public/admin/accounts/__next.admin.accounts.__PAGE__.txt ... 
1024 bytes for ./Payload/App.app/public/admin/accounts/__next.admin.accounts.__PAGE__.txt
copying file ./Payload/App.app/public/admin/timetable.html ... 
2026-05-24 15:59:41 +0000  11980 bytes for ./Payload/App.app/public/admin/timetable.html
2026-05-24 15:59:41 +0000  copying file ./Payload/App.app/public/admin/other-fees.txt ... 
2026-05-24 15:59:41 +0000  8152 bytes for ./Payload/App.app/public/admin/other-fees.txt
2026-05-24 15:59:41 +0000  copying file ./Payload/App.app/public/admin/feed/__next._tree.txt ... 
2026-05-24 15:59:41 +0000  495 bytes for ./Payload/App.app/public/admin/feed/__next._tree.txt
copying file ./Payload/App.app/public/admin/feed/__next._head.txt ... 
1825 bytes for ./Payload/App.app/public/admin/feed/__next._head.txt
copying file ./Payload/App.app/public/admin/feed/__next.admin.txt ... 
2026-05-24 15:59:41 +0000  525 bytes for ./Payload/App.app/public/admin/feed/__next.admin.txt
2026-05-24 15:59:41 +0000  copying file ./Payload/App.app/public/admin/feed/__next._full.txt ... 
2026-05-24 15:59:41 +0000  7992 bytes for ./Payload/App.app/public/admin/feed/__next._full.txt
2026-05-24 15:59:41 +0000  copying file ./Payload/App.app/public/admin/feed/__next._index.txt ... 
2026-05-24 15:59:41 +0000  3548 bytes for ./Payload/App.app/public/admin/feed/__next._index.txt
2026-05-24 15:59:41 +0000  copying file ./Payload/App.app/public/admin/feed/__next.admin.feed.__PAGE__.txt ... 
2026-05-24 15:59:41 +0000  1024 bytes for ./Payload/App.app/public/admin/feed/__next.admin.feed.__PAGE__.txt
2026-05-24 15:59:41 +0000  copying file ./Payload/App.app/public/admin/feed/__next.admin.feed.txt ... 
2026-05-24 15:59:41 +0000  525 bytes for ./Payload/App.app/public/admin/feed/__next.admin.feed.txt
2026-05-24 15:59:41 +0000  copying file ./Payload/App.app/public/admin/canteen-module/__next.admin.canteen-module.txt ... 
2026-05-24 15:59:41 +0000  525 bytes for ./Payload/App.app/public/admin/canteen-module/__next.admin.canteen-module.txt
2026-05-24 15:59:41 +0000  copying file ./Payload/App.app/public/admin/canteen-module/__next._tree.txt ... 
2026-05-24 15:59:41 +0000  505 bytes for ./Payload/App.app/public/admin/canteen-module/__next._tree.txt
2026-05-24 15:59:41 +0000  copying file ./Payload/App.app/public/admin/canteen-module/__next._head.txt ... 
2026-05-24 15:59:41 +0000  1825 bytes for ./Payload/App.app/public/admin/canteen-module/__next._head.txt
2026-05-24 15:59:41 +0000  copying file ./Payload/App.app/public/admin/canteen-module/__next.admin.txt ... 
2026-05-24 15:59:41 +0000  525 bytes for ./Payload/App.app/public/admin/canteen-module/__next.admin.txt
2026-05-24 15:59:41 +0000  copying file ./Payload/App.app/public/admin/canteen-module/__next._full.txt ... 
2026-05-24 15:59:41 +0000  8160 bytes for ./Payload/App.app/public/admin/canteen-module/__next._full.txt
2026-05-24 15:59:41 +0000  copying file ./Payload/App.app/public/admin/canteen-module/__next._index.txt ... 
2026-05-24 15:59:41 +0000  3548 bytes for ./Payload/App.app/public/admin/canteen-module/__next._index.txt
2026-05-24 15:59:41 +0000  copying file ./Payload/App.app/public/admin/canteen-module/__next.admin.canteen-module.__PAGE__.txt ... 
2026-05-24 15:59:41 +0000  1151 bytes for ./Payload/App.app/public/admin/canteen-module/__next.admin.canteen-module.__PAGE__.txt
2026-05-24 15:59:41 +0000  copying file ./Payload/App.app/public/admin/import.html ... 
2026-05-24 15:59:41 +0000  11738 bytes for ./Payload/App.app/public/admin/import.html
2026-05-24 15:59:41 +0000  copying file ./Payload/App.app/public/admin/smart-reports/__next._tree.txt ... 
2026-05-24 15:59:41 +0000  504 bytes for ./Payload/App.app/public/admin/smart-reports/__next._tree.txt
2026-05-24 15:59:41 +0000  copying file ./Payload/App.app/public/admin/smart-reports/__next._head.txt ... 
2026-05-24 15:59:41 +0000  1825 bytes for ./Payload/App.app/public/admin/smart-reports/__next._head.txt
2026-05-24 15:59:41 +0000  copying file ./Payload/App.app/public/admin/smart-reports/__next.admin.txt ... 
2026-05-24 15:59:41 +0000  525 bytes for ./Payload/App.app/public/admin/smart-reports/__next.admin.txt
2026-05-24 15:59:41 +0000  copying file ./Payload/App.app/public/admin/smart-reports/__next._full.txt ... 
2026-05-24 15:59:41 +0000  8158 bytes for ./Payload/App.app/public/admin/smart-reports/__next._full.txt
2026-05-24 15:59:41 +0000  copying file ./Payload/App.app/public/admin/smart-reports/__next._index.txt ... 
2026-05-24 15:59:41 +0000  3548 bytes for ./Payload/App.app/public/admin/smart-reports/__next._index.txt
2026-05-24 15:59:41 +0000  copying file ./Payload/App.app/public/admin/smart-reports/__next.admin.smart-reports.txt ... 
2026-05-24 15:59:41 +0000  525 bytes for ./Payload/App.app/public/admin/smart-reports/__next.admin.smart-reports.txt
2026-05-24 15:59:41 +0000  copying file ./Payload/App.app/public/admin/smart-reports/__next.admin.smart-reports.__PAGE__.txt ... 
2026-05-24 15:59:41 +0000  1151 bytes for ./Payload/App.app/public/admin/smart-reports/__next.admin.smart-reports.__PAGE__.txt
2026-05-24 15:59:41 +0000  copying file ./Payload/App.app/public/admin/course-groups/__next._tree.txt ... 
2026-05-24 15:59:41 +0000  504 bytes for ./Payload/App.app/public/admin/course-groups/__next._tree.txt
2026-05-24 15:59:41 +0000  copying file ./Payload/App.app/public/admin/course-groups/__next._head.txt ... 
2026-05-24 15:59:41 +0000  1825 bytes for ./Payload/App.app/public/admin/course-groups/__next._head.txt
2026-05-24 15:59:41 +0000  copying file ./Payload/App.app/public/admin/course-groups/__next.admin.txt ... 
2026-05-24 15:59:41 +0000  525 bytes for ./Payload/App.app/public/admin/course-groups/__next.admin.txt
copying file ./Payload/App.app/public/admin/course-groups/__next._full.txt ... 
2026-05-24 15:59:41 +0000  8157 bytes for ./Payload/App.app/public/admin/course-groups/__next._full.txt
2026-05-24 15:59:41 +0000  copying file ./Payload/App.app/public/admin/course-groups/__next._index.txt ... 
2026-05-24 15:59:41 +0000  3548 bytes for ./Payload/App.app/public/admin/course-groups/__next._index.txt
2026-05-24 15:59:41 +0000  copying file ./Payload/App.app/public/admin/course-groups/__next.admin.course-groups.__PAGE__.txt ... 
2026-05-24 15:59:41 +0000  1150 bytes for ./Payload/App.app/public/admin/course-groups/__next.admin.course-groups.__PAGE__.txt
2026-05-24 15:59:41 +0000  copying file ./Payload/App.app/public/admin/course-groups/__next.admin.course-groups.txt ... 
2026-05-24 15:59:41 +0000  525 bytes for ./Payload/App.app/public/admin/course-groups/__next.admin.course-groups.txt
2026-05-24 15:59:41 +0000  copying file ./Payload/App.app/public/admin/announcements.txt ... 
2026-05-24 15:59:41 +0000  8010 bytes for ./Payload/App.app/public/admin/announcements.txt
2026-05-24 15:59:41 +0000  copying file ./Payload/App.app/public/admin/gate.html ... 
2026-05-24 15:59:41 +0000  11734 bytes for ./Payload/App.app/public/admin/gate.html
2026-05-24 15:59:41 +0000  copying file ./Payload/App.app/public/admin/settlements.txt ... 
2026-05-24 15:59:41 +0000  8006 bytes for ./Payload/App.app/public/admin/settlements.txt
2026-05-24 15:59:41 +0000  copying file ./Payload/App.app/public/admin/gate/__next._tree.txt ... 
2026-05-24 15:59:41 +0000  495 bytes for ./Payload/App.app/public/admin/gate/__next._tree.txt
2026-05-24 15:59:41 +0000  copying file ./Payload/App.app/public/admin/gate/__next._head.txt ... 
2026-05-24 15:59:41 +0000  1825 bytes for ./Payload/App.app/public/admin/gate/__next._head.txt
2026-05-24 15:59:41 +0000  copying file ./Payload/App.app/public/admin/gate/__next.admin.txt ... 
2026-05-24 15:59:41 +0000  525 bytes for ./Payload/App.app/public/admin/gate/__next.admin.txt
copying file ./Payload/App.app/public/admin/gate/__next._full.txt ... 
2026-05-24 15:59:41 +0000  7992 bytes for ./Payload/App.app/public/admin/gate/__next._full.txt
2026-05-24 15:59:41 +0000  copying file ./Payload/App.app/public/admin/gate/__next._index.txt ... 
2026-05-24 15:59:41 +0000  3548 bytes for ./Payload/App.app/public/admin/gate/__next._index.txt
2026-05-24 15:59:41 +0000  copying file ./Payload/App.app/public/admin/gate/__next.admin.gate.__PAGE__.txt ... 
2026-05-24 15:59:41 +0000  1024 bytes for ./Payload/App.app/public/admin/gate/__next.admin.gate.__PAGE__.txt
2026-05-24 15:59:41 +0000  copying file ./Payload/App.app/public/admin/gate/__next.admin.gate.txt ... 
2026-05-24 15:59:41 +0000  525 bytes for ./Payload/App.app/public/admin/gate/__next.admin.gate.txt
2026-05-24 15:59:41 +0000  copying file ./Payload/App.app/public/admin/classes.html ... 
2026-05-24 15:59:41 +0000  11976 bytes for ./Payload/App.app/public/admin/classes.html
2026-05-24 15:59:41 +0000  copying file ./Payload/App.app/public/admin/transcripts.html ... 
2026-05-24 15:59:41 +0000  11984 bytes for ./Payload/App.app/public/admin/transcripts.html
2026-05-24 15:59:41 +0000  copying file ./Payload/App.app/public/admin/staff.txt ... 
2026-05-24 15:59:41 +0000  7994 bytes for ./Payload/App.app/public/admin/staff.txt
2026-05-24 15:59:41 +0000  copying file ./Payload/App.app/public/admin/course-groups.html ... 
2026-05-24 15:59:41 +0000  11987 bytes for ./Payload/App.app/public/admin/course-groups.html
2026-05-24 15:59:41 +0000  copying file ./Payload/App.app/public/admin/fee-particulars.html ... 
2026-05-24 15:59:41 +0000  11992 bytes for ./Payload/App.app/public/admin/fee-particulars.html
2026-05-24 15:59:41 +0000  copying file ./Payload/App.app/public/admin/fee-particulars/__next._tree.txt ... 
2026-05-24 15:59:41 +0000  506 bytes for ./Payload/App.app/public/admin/fee-particulars/__next._tree.txt
2026-05-24 15:59:41 +0000  copying file ./Payload/App.app/public/admin/fee-particulars/__next._head.txt ... 
2026-05-24 15:59:41 +0000  1825 bytes for ./Payload/App.app/public/admin/fee-particulars/__next._head.txt
2026-05-24 15:59:41 +0000  copying file ./Payload/App.app/public/admin/fee-particulars/__next.admin.txt ... 
2026-05-24 15:59:41 +0000  525 bytes for ./Payload/App.app/public/admin/fee-particulars/__next.admin.txt
copying file ./Payload/App.app/public/admin/fee-particulars/__next.admin.fee-particulars.__PAGE__.txt ... 
2026-05-24 15:59:41 +0000  1151 bytes for ./Payload/App.app/public/admin/fee-particulars/__next.admin.fee-particulars.__PAGE__.txt
2026-05-24 15:59:41 +0000  copying file ./Payload/App.app/public/admin/fee-particulars/__next._full.txt ... 
2026-05-24 15:59:41 +0000  8162 bytes for ./Payload/App.app/public/admin/fee-particulars/__next._full.txt
2026-05-24 15:59:41 +0000  copying file ./Payload/App.app/public/admin/fee-particulars/__next._index.txt ... 
2026-05-24 15:59:41 +0000  3548 bytes for ./Payload/App.app/public/admin/fee-particulars/__next._index.txt
2026-05-24 15:59:41 +0000  copying file ./Payload/App.app/public/admin/fee-particulars/__next.admin.fee-particulars.txt ... 
2026-05-24 15:59:41 +0000  525 bytes for ./Payload/App.app/public/admin/fee-particulars/__next.admin.fee-particulars.txt
2026-05-24 15:59:41 +0000  copying file ./Payload/App.app/public/admin/staff.html ... 
2026-05-24 15:59:41 +0000  11736 bytes for ./Payload/App.app/public/admin/staff.html
2026-05-24 15:59:41 +0000  copying file ./Payload/App.app/public/admin/chats/__next._tree.txt ... 
2026-05-24 15:59:41 +0000  496 bytes for ./Payload/App.app/public/admin/chats/__next._tree.txt
2026-05-24 15:59:41 +0000  copying file ./Payload/App.app/public/admin/chats/__next._head.txt ... 
2026-05-24 15:59:41 +0000  1825 bytes for ./Payload/App.app/public/admin/chats/__next._head.txt
2026-05-24 15:59:41 +0000  copying file ./Payload/App.app/public/admin/chats/__next.admin.txt ... 
2026-05-24 15:59:41 +0000  525 bytes for ./Payload/App.app/public/admin/chats/__next.admin.txt
2026-05-24 15:59:41 +0000  copying file ./Payload/App.app/public/admin/chats/__next._full.txt ... 
2026-05-24 15:59:41 +0000  7994 bytes for ./Payload/App.app/public/admin/chats/__next._full.txt
2026-05-24 15:59:41 +0000  copying file ./Payload/App.app/public/admin/chats/__next._index.txt ... 
2026-05-24 15:59:41 +0000  3548 bytes for ./Payload/App.app/public/admin/chats/__next._index.txt
2026-05-24 15:59:41 +0000  copying file ./Payload/App.app/public/admin/chats/__next.admin.chats.txt ... 
2026-05-24 15:59:41 +0000  525 bytes for ./Payload/App.app/public/admin/chats/__next.admin.chats.txt
2026-05-24 15:59:41 +0000  copying file ./Payload/App.app/public/admin/chats/__next.admin.chats.__PAGE__.txt ... 
2026-05-24 15:59:41 +0000  1024 bytes for ./Payload/App.app/public/admin/chats/__next.admin.chats.__PAGE__.txt
2026-05-24 15:59:41 +0000  copying file ./Payload/App.app/public/admin/data-uploads.html ... 
2026-05-24 15:59:41 +0000  11750 bytes for ./Payload/App.app/public/admin/data-uploads.html
2026-05-24 15:59:41 +0000  copying file ./Payload/App.app/public/admin/fee-particulars.txt ... 
2026-05-24 15:59:41 +0000  8162 bytes for ./Payload/App.app/public/admin/fee-particulars.txt
2026-05-24 15:59:41 +0000  copying file ./Payload/App.app/public/admin/staff/__next._tree.txt ... 
2026-05-24 15:59:41 +0000  496 bytes for ./Payload/App.app/public/admin/staff/__next._tree.txt
2026-05-24 15:59:41 +0000  copying file ./Payload/App.app/public/admin/staff/__next._head.txt ... 
2026-05-24 15:59:41 +0000  1825 bytes for ./Payload/App.app/public/admin/staff/__next._head.txt
2026-05-24 15:59:41 +0000  copying file ./Payload/App.app/public/admin/staff/__next.admin.txt ... 
2026-05-24 15:59:41 +0000  525 bytes for ./Payload/App.app/public/admin/staff/__next.admin.txt
copying file ./Payload/App.app/public/admin/staff/__next.admin.staff.txt ... 
2026-05-24 15:59:41 +0000  525 bytes for ./Payload/App.app/public/admin/staff/__next.admin.staff.txt
2026-05-24 15:59:41 +0000  copying file ./Payload/App.app/public/admin/staff/__next._full.txt ... 
2026-05-24 15:59:41 +0000  7994 bytes for ./Payload/App.app/public/admin/staff/__next._full.txt
2026-05-24 15:59:41 +0000  copying file ./Payload/App.app/public/admin/staff/__next._index.txt ... 
2026-05-24 15:59:41 +0000  3548 bytes for ./Payload/App.app/public/admin/staff/__next._index.txt
2026-05-24 15:59:41 +0000  copying file ./Payload/App.app/public/admin/staff/__next.admin.staff.__PAGE__.txt ... 
2026-05-24 15:59:41 +0000  1024 bytes for ./Payload/App.app/public/admin/staff/__next.admin.staff.__PAGE__.txt
2026-05-24 15:59:41 +0000  copying file ./Payload/App.app/public/admin/discount.html ... 
2026-05-24 15:59:41 +0000  11978 bytes for ./Payload/App.app/public/admin/discount.html
2026-05-24 15:59:41 +0000  copying file ./Payload/App.app/public/admin/transcripts.txt ... 
2026-05-24 15:59:41 +0000  8154 bytes for ./Payload/App.app/public/admin/transcripts.txt
2026-05-24 15:59:41 +0000  copying file ./Payload/App.app/public/admin/finance-payments.txt ... 
2026-05-24 15:59:41 +0000  8164 bytes for ./Payload/App.app/public/admin/finance-payments.txt
2026-05-24 15:59:41 +0000  copying file ./Payload/App.app/public/admin/fees.html ... 
2026-05-24 15:59:41 +0000  11734 bytes for ./Payload/App.app/public/admin/fees.html
2026-05-24 15:59:41 +0000  copying file ./Payload/App.app/public/admin/chats.html ... 
2026-05-24 15:59:41 +0000  11736 bytes for ./Payload/App.app/public/admin/chats.html
2026-05-24 15:59:41 +0000  copying file ./Payload/App.app/public/admin/families.html ... 
2026-05-24 15:59:41 +0000  11978 bytes for ./Payload/App.app/public/admin/families.html
2026-05-24 15:59:41 +0000  copying file ./Payload/App.app/public/admin/transport.txt ... 
2026-05-24 15:59:41 +0000  8150 bytes for ./Payload/App.app/public/admin/transport.txt
2026-05-24 15:59:41 +0000  copying file ./Payload/App.app/public/admin/enquiries.html ... 
2026-05-24 15:59:41 +0000  11980 bytes for ./Payload/App.app/public/admin/enquiries.html
2026-05-24 15:59:41 +0000  copying file ./Payload/App.app/public/admin/settings.html ... 
2026-05-24 15:59:41 +0000  11977 bytes for ./Payload/App.app/public/admin/settings.html
2026-05-24 15:59:41 +0000  copying file ./Payload/App.app/public/admin/payroll/__next._tree.txt ... 
2026-05-24 15:59:41 +0000  498 bytes for ./Payload/App.app/public/admin/payroll/__next._tree.txt
2026-05-24 15:59:41 +0000  copying file ./Payload/App.app/public/admin/payroll/__next._head.txt ... 
2026-05-24 15:59:41 +0000  1825 bytes for ./Payload/App.app/public/admin/payroll/__next._head.txt
2026-05-24 15:59:41 +0000  copying file ./Payload/App.app/public/admin/payroll/__next.admin.payroll.txt ... 
2026-05-24 15:59:41 +0000  525 bytes for ./Payload/App.app/public/admin/payroll/__next.admin.payroll.txt
2026-05-24 15:59:41 +0000  copying file ./Payload/App.app/public/admin/payroll/__next.admin.txt ... 
2026-05-24 15:59:41 +0000  525 bytes for ./Payload/App.app/public/admin/payroll/__next.admin.txt
copying file ./Payload/App.app/public/admin/payroll/__next.admin.payroll.__PAGE__.txt ... 
2026-05-24 15:59:41 +0000  1024 bytes for ./Payload/App.app/public/admin/payroll/__next.admin.payroll.__PAGE__.txt
2026-05-24 15:59:41 +0000  copying file ./Payload/App.app/public/admin/payroll/__next._full.txt ... 
2026-05-24 15:59:41 +0000  7998 bytes for ./Payload/App.app/public/admin/payroll/__next._full.txt
2026-05-24 15:59:41 +0000  copying file ./Payload/App.app/public/admin/payroll/__next._index.txt ... 
2026-05-24 15:59:41 +0000  3548 bytes for ./Payload/App.app/public/admin/payroll/__next._index.txt
2026-05-24 15:59:41 +0000  copying file ./Payload/App.app/public/admin/enquiries/__next._tree.txt ... 
2026-05-24 15:59:41 +0000  500 bytes for ./Payload/App.app/public/admin/enquiries/__next._tree.txt
2026-05-24 15:59:41 +0000  copying file ./Payload/App.app/public/admin/enquiries/__next._head.txt ... 
2026-05-24 15:59:41 +0000  1825 bytes for ./Payload/App.app/public/admin/enquiries/__next._head.txt
2026-05-24 15:59:41 +0000  copying file ./Payload/App.app/public/admin/enquiries/__next.admin.txt ... 
2026-05-24 15:59:41 +0000  525 bytes for ./Payload/App.app/public/admin/enquiries/__next.admin.txt
2026-05-24 15:59:41 +0000  copying file ./Payload/App.app/public/admin/enquiries/__next.admin.enquiries.__PAGE__.txt ... 
2026-05-24 15:59:41 +0000  1151 bytes for ./Payload/App.app/public/admin/enquiries/__next.admin.enquiries.__PAGE__.txt
2026-05-24 15:59:41 +0000  copying file ./Payload/App.app/public/admin/enquiries/__next._full.txt ... 
2026-05-24 15:59:41 +0000  8150 bytes for ./Payload/App.app/public/admin/enquiries/__next._full.txt
2026-05-24 15:59:41 +0000  copying file ./Payload/App.app/public/admin/enquiries/__next._index.txt ... 
2026-05-24 15:59:41 +0000  3548 bytes for ./Payload/App.app/public/admin/enquiries/__next._index.txt
2026-05-24 15:59:41 +0000  copying file ./Payload/App.app/public/admin/enquiries/__next.admin.enquiries.txt ... 
2026-05-24 15:59:41 +0000  525 bytes for ./Payload/App.app/public/admin/enquiries/__next.admin.enquiries.txt
2026-05-24 15:59:41 +0000  copying file ./Payload/App.app/public/admin/fee-billing.txt ... 
2026-05-24 15:59:41 +0000  8154 bytes for ./Payload/App.app/public/admin/fee-billing.txt
2026-05-24 15:59:41 +0000  copying file ./Payload/App.app/public/admin/import/__next._tree.txt ... 
2026-05-24 15:59:41 +0000  497 bytes for ./Payload/App.app/public/admin/import/__next._tree.txt
2026-05-24 15:59:41 +0000  copying file ./Payload/App.app/public/admin/import/__next._head.txt ... 
2026-05-24 15:59:41 +0000  1825 bytes for ./Payload/App.app/public/admin/import/__next._head.txt
2026-05-24 15:59:41 +0000  copying file ./Payload/App.app/public/admin/import/__next.admin.txt ... 
525 bytes for ./Payload/App.app/public/admin/import/__next.admin.txt
2026-05-24 15:59:41 +0000  copying file ./Payload/App.app/public/admin/import/__next._full.txt ... 
2026-05-24 15:59:41 +0000  7996 bytes for ./Payload/App.app/public/admin/import/__next._full.txt
2026-05-24 15:59:41 +0000  copying file ./Payload/App.app/public/admin/import/__next._index.txt ... 
2026-05-24 15:59:41 +0000  3548 bytes for ./Payload/App.app/public/admin/import/__next._index.txt
2026-05-24 15:59:41 +0000  copying file ./Payload/App.app/public/admin/import/__next.admin.import.__PAGE__.txt ... 
2026-05-24 15:59:41 +0000  1024 bytes for ./Payload/App.app/public/admin/import/__next.admin.import.__PAGE__.txt
2026-05-24 15:59:41 +0000  copying file ./Payload/App.app/public/admin/import/__next.admin.import.txt ... 
2026-05-24 15:59:41 +0000  525 bytes for ./Payload/App.app/public/admin/import/__next.admin.import.txt
2026-05-24 15:59:41 +0000  copying file ./Payload/App.app/public/admin/accounts.txt ... 
2026-05-24 15:59:41 +0000  8000 bytes for ./Payload/App.app/public/admin/accounts.txt
2026-05-24 15:59:41 +0000  copying file ./Payload/App.app/public/admin/finance-reports.html ... 
2026-05-24 15:59:41 +0000  11992 bytes for ./Payload/App.app/public/admin/finance-reports.html
2026-05-24 15:59:41 +0000  copying file ./Payload/App.app/public/admin/calendar.txt ... 
2026-05-24 15:59:41 +0000  8148 bytes for ./Payload/App.app/public/admin/calendar.txt
2026-05-24 15:59:41 +0000  copying file ./Payload/App.app/public/admin/other-fees.html ... 
2026-05-24 15:59:41 +0000  11982 bytes for ./Payload/App.app/public/admin/other-fees.html
2026-05-24 15:59:41 +0000  copying file ./Payload/App.app/public/admin/messaging/__next._tree.txt ... 
2026-05-24 15:59:41 +0000  500 bytes for ./Payload/App.app/public/admin/messaging/__next._tree.txt
2026-05-24 15:59:41 +0000  copying file ./Payload/App.app/public/admin/messaging/__next._head.txt ... 
2026-05-24 15:59:41 +0000  1825 bytes for ./Payload/App.app/public/admin/messaging/__next._head.txt
2026-05-24 15:59:41 +0000  copying file ./Payload/App.app/public/admin/messaging/__next.admin.txt ... 
2026-05-24 15:59:41 +0000  525 bytes for ./Payload/App.app/public/admin/messaging/__next.admin.txt
2026-05-24 15:59:41 +0000  copying file ./Payload/App.app/public/admin/messaging/__next._full.txt ... 
2026-05-24 15:59:41 +0000  8150 bytes for ./Payload/App.app/public/admin/messaging/__next._full.txt
2026-05-24 15:59:41 +0000  copying file ./Payload/App.app/public/admin/messaging/__next._index.txt ... 
2026-05-24 15:59:41 +0000  3548 bytes for ./Payload/App.app/public/admin/messaging/__next._index.txt
2026-05-24 15:59:41 +0000  copying file ./Payload/App.app/public/admin/messaging/__next.admin.messaging.__PAGE__.txt ... 
2026-05-24 15:59:41 +0000  1151 bytes for ./Payload/App.app/public/admin/messaging/__next.admin.messaging.__PAGE__.txt
2026-05-24 15:59:41 +0000  copying file ./Payload/App.app/public/admin/messaging/__next.admin.messaging.txt ... 
2026-05-24 15:59:41 +0000  525 bytes for ./Payload/App.app/public/admin/messaging/__next.admin.messaging.txt
2026-05-24 15:59:41 +0000  copying file ./Payload/App.app/public/admin/interests/__next.admin.interests.__PAGE__.txt ... 
2026-05-24 15:59:41 +0000  1151 bytes for ./Payload/App.app/public/admin/interests/__next.admin.interests.__PAGE__.txt
2026-05-24 15:59:41 +0000  copying file ./Payload/App.app/public/admin/interests/__next._tree.txt ... 
2026-05-24 15:59:41 +0000  500 bytes for ./Payload/App.app/public/admin/interests/__next._tree.txt
2026-05-24 15:59:41 +0000  copying file ./Payload/App.app/public/admin/interests/__next._head.txt ... 
2026-05-24 15:59:41 +0000  1825 bytes for ./Payload/App.app/public/admin/interests/__next._head.txt
2026-05-24 15:59:41 +0000  copying file ./Payload/App.app/public/admin/interests/__next.admin.txt ... 
2026-05-24 15:59:41 +0000  525 bytes for ./Payload/App.app/public/admin/interests/__next.admin.txt
2026-05-24 15:59:41 +0000  copying file ./Payload/App.app/public/admin/interests/__next.admin.interests.txt ... 
525 bytes for ./Payload/App.app/public/admin/interests/__next.admin.interests.txt
2026-05-24 15:59:41 +0000  copying file ./Payload/App.app/public/admin/interests/__next._full.txt ... 
2026-05-24 15:59:41 +0000  8150 bytes for ./Payload/App.app/public/admin/interests/__next._full.txt
2026-05-24 15:59:41 +0000  copying file ./Payload/App.app/public/admin/interests/__next._index.txt ... 
2026-05-24 15:59:41 +0000  3548 bytes for ./Payload/App.app/public/admin/interests/__next._index.txt
2026-05-24 15:59:41 +0000  copying file ./Payload/App.app/public/admin/messaging.html ... 
2026-05-24 15:59:41 +0000  11980 bytes for ./Payload/App.app/public/admin/messaging.html
2026-05-24 15:59:41 +0000  copying file ./Payload/App.app/public/admin/interests.txt ... 
2026-05-24 15:59:41 +0000  8150 bytes for ./Payload/App.app/public/admin/interests.txt
2026-05-24 15:59:41 +0000  copying file ./Payload/App.app/public/admin/finance-accounts/__next._tree.txt ... 
2026-05-24 15:59:41 +0000  507 bytes for ./Payload/App.app/public/admin/finance-accounts/__next._tree.txt
2026-05-24 15:59:41 +0000  copying file ./Payload/App.app/public/admin/finance-accounts/__next._head.txt ... 
2026-05-24 15:59:41 +0000  1825 bytes for ./Payload/App.app/public/admin/finance-accounts/__next._head.txt
2026-05-24 15:59:41 +0000  copying file ./Payload/App.app/public/admin/finance-accounts/__next.admin.txt ... 
2026-05-24 15:59:41 +0000  525 bytes for ./Payload/App.app/public/admin/finance-accounts/__next.admin.txt
2026-05-24 15:59:41 +0000  copying file ./Payload/App.app/public/admin/finance-accounts/__next.admin.finance-accounts.__PAGE__.txt ... 
2026-05-24 15:59:41 +0000  1151 bytes for ./Payload/App.app/public/admin/finance-accounts/__next.admin.finance-accounts.__PAGE__.txt
2026-05-24 15:59:41 +0000  copying file ./Payload/App.app/public/admin/finance-accounts/__next._full.txt ... 
2026-05-24 15:59:41 +0000  8164 bytes for ./Payload/App.app/public/admin/finance-accounts/__next._full.txt
2026-05-24 15:59:41 +0000  copying file ./Payload/App.app/public/admin/finance-accounts/__next._index.txt ... 
2026-05-24 15:59:41 +0000  3548 bytes for ./Payload/App.app/public/admin/finance-accounts/__next._index.txt
2026-05-24 15:59:41 +0000  copying file ./Payload/App.app/public/admin/finance-accounts/__next.admin.finance-accounts.txt ... 
2026-05-24 15:59:41 +0000  525 bytes for ./Payload/App.app/public/admin/finance-accounts/__next.admin.finance-accounts.txt
2026-05-24 15:59:41 +0000  copying file ./Payload/App.app/public/admin/grading.html ... 
2026-05-24 15:59:41 +0000  11976 bytes for ./Payload/App.app/public/admin/grading.html
2026-05-24 15:59:41 +0000  copying file ./Payload/App.app/public/admin/other-fees/__next._tree.txt ... 
2026-05-24 15:59:41 +0000  501 bytes for ./Payload/App.app/public/admin/other-fees/__next._tree.txt
2026-05-24 15:59:41 +0000  copying file ./Payload/App.app/public/admin/other-fees/__next._head.txt ... 
2026-05-24 15:59:41 +0000  1825 bytes for ./Payload/App.app/public/admin/other-fees/__next._head.txt
2026-05-24 15:59:41 +0000  copying file ./Payload/App.app/public/admin/other-fees/__next.admin.txt ... 
2026-05-24 15:59:41 +0000  525 bytes for ./Payload/App.app/public/admin/other-fees/__next.admin.txt
copying file ./Payload/App.app/public/admin/other-fees/__next._full.txt ... 
2026-05-24 15:59:41 +0000  8152 bytes for ./Payload/App.app/public/admin/other-fees/__next._full.txt
2026-05-24 15:59:41 +0000  copying file ./Payload/App.app/public/admin/other-fees/__next._index.txt ... 
2026-05-24 15:59:41 +0000  3548 bytes for ./Payload/App.app/public/admin/other-fees/__next._index.txt
2026-05-24 15:59:41 +0000  copying file ./Payload/App.app/public/admin/other-fees/__next.admin.other-fees.txt ... 
2026-05-24 15:59:41 +0000  525 bytes for ./Payload/App.app/public/admin/other-fees/__next.admin.other-fees.txt
copying file ./Payload/App.app/public/admin/other-fees/__next.admin.other-fees.__PAGE__.txt ... 
2026-05-24 15:59:41 +0000  1151 bytes for ./Payload/App.app/public/admin/other-fees/__next.admin.other-fees.__PAGE__.txt
2026-05-24 15:59:41 +0000  copying file ./Payload/App.app/public/admin/reports/__next._tree.txt ... 
2026-05-24 15:59:41 +0000  498 bytes for ./Payload/App.app/public/admin/reports/__next._tree.txt
2026-05-24 15:59:41 +0000  copying file ./Payload/App.app/public/admin/reports/__next._head.txt ... 
2026-05-24 15:59:41 +0000  1825 bytes for ./Payload/App.app/public/admin/reports/__next._head.txt
2026-05-24 15:59:41 +0000  copying file ./Payload/App.app/public/admin/reports/__next.admin.txt ... 
2026-05-24 15:59:41 +0000  525 bytes for ./Payload/App.app/public/admin/reports/__next.admin.txt
2026-05-24 15:59:41 +0000  copying file ./Payload/App.app/public/admin/reports/__next._full.txt ... 
2026-05-24 15:59:41 +0000  8146 bytes for ./Payload/App.app/public/admin/reports/__next._full.txt
2026-05-24 15:59:41 +0000  copying file ./Payload/App.app/public/admin/reports/__next._index.txt ... 
2026-05-24 15:59:41 +0000  3548 bytes for ./Payload/App.app/public/admin/reports/__next._index.txt
2026-05-24 15:59:41 +0000  copying file ./Payload/App.app/public/admin/reports/__next.admin.reports.txt ... 
2026-05-24 15:59:41 +0000  525 bytes for ./Payload/App.app/public/admin/reports/__next.admin.reports.txt
2026-05-24 15:59:41 +0000  copying file ./Payload/App.app/public/admin/reports/__next.admin.reports.__PAGE__.txt ... 
2026-05-24 15:59:41 +0000  1151 bytes for ./Payload/App.app/public/admin/reports/__next.admin.reports.__PAGE__.txt
2026-05-24 15:59:41 +0000  copying file ./Payload/App.app/public/admin/timetable/__next._tree.txt ... 
2026-05-24 15:59:41 +0000  500 bytes for ./Payload/App.app/public/admin/timetable/__next._tree.txt
2026-05-24 15:59:41 +0000  copying file ./Payload/App.app/public/admin/timetable/__next._head.txt ... 
2026-05-24 15:59:41 +0000  1825 bytes for ./Payload/App.app/public/admin/timetable/__next._head.txt
2026-05-24 15:59:41 +0000  copying file ./Payload/App.app/public/admin/timetable/__next.admin.txt ... 
2026-05-24 15:59:41 +0000  525 bytes for ./Payload/App.app/public/admin/timetable/__next.admin.txt
2026-05-24 15:59:41 +0000  copying file ./Payload/App.app/public/admin/timetable/__next._full.txt ... 
2026-05-24 15:59:41 +0000  8150 bytes for ./Payload/App.app/public/admin/timetable/__next._full.txt
2026-05-24 15:59:41 +0000  copying file ./Payload/App.app/public/admin/timetable/__next._index.txt ... 
2026-05-24 15:59:41 +0000  3548 bytes for ./Payload/App.app/public/admin/timetable/__next._index.txt
2026-05-24 15:59:41 +0000  copying file ./Payload/App.app/public/admin/timetable/__next.admin.timetable.__PAGE__.txt ... 
2026-05-24 15:59:41 +0000  1151 bytes for ./Payload/App.app/public/admin/timetable/__next.admin.timetable.__PAGE__.txt
2026-05-24 15:59:41 +0000  copying file ./Payload/App.app/public/admin/timetable/__next.admin.timetable.txt ... 
2026-05-24 15:59:41 +0000  525 bytes for ./Payload/App.app/public/admin/timetable/__next.admin.timetable.txt
2026-05-24 15:59:41 +0000  copying file ./Payload/App.app/public/admin/reports.html ... 
2026-05-24 15:59:41 +0000  11976 bytes for ./Payload/App.app/public/admin/reports.html
2026-05-24 15:59:41 +0000  copying file ./Payload/App.app/public/admin/questions/__next._tree.txt ... 
2026-05-24 15:59:41 +0000  500 bytes for ./Payload/App.app/public/admin/questions/__next._tree.txt
2026-05-24 15:59:41 +0000  copying file ./Payload/App.app/public/admin/questions/__next._head.txt ... 
2026-05-24 15:59:41 +0000  1825 bytes for ./Payload/App.app/public/admin/questions/__next._head.txt
2026-05-24 15:59:41 +0000  copying file ./Payload/App.app/public/admin/questions/__next.admin.txt ... 
2026-05-24 15:59:41 +0000  525 bytes for ./Payload/App.app/public/admin/questions/__next.admin.txt
2026-05-24 15:59:41 +0000  copying file ./Payload/App.app/public/admin/questions/__next.admin.questions.__PAGE__.txt ... 
2026-05-24 15:59:41 +0000  1024 bytes for ./Payload/App.app/public/admin/questions/__next.admin.questions.__PAGE__.txt
2026-05-24 15:59:41 +0000  copying file ./Payload/App.app/public/admin/questions/__next._full.txt ... 
2026-05-24 15:59:41 +0000  8002 bytes for ./Payload/App.app/public/admin/questions/__next._full.txt
2026-05-24 15:59:41 +0000  copying file ./Payload/App.app/public/admin/questions/__next._index.txt ... 
2026-05-24 15:59:41 +0000  3548 bytes for ./Payload/App.app/public/admin/questions/__next._index.txt
2026-05-24 15:59:41 +0000  copying file ./Payload/App.app/public/admin/questions/__next.admin.questions.txt ... 
2026-05-24 15:59:41 +0000  525 bytes for ./Payload/App.app/public/admin/questions/__next.admin.questions.txt
2026-05-24 15:59:41 +0000  copying file ./Payload/App.app/public/admin/finance-accounts.txt ... 
2026-05-24 15:59:41 +0000  8164 bytes for ./Payload/App.app/public/admin/finance-accounts.txt
2026-05-24 15:59:41 +0000  copying file ./Payload/App.app/public/admin/fee-billing.html ... 
2026-05-24 15:59:41 +0000  11984 bytes for ./Payload/App.app/public/admin/fee-billing.html
2026-05-24 15:59:41 +0000  copying file ./Payload/App.app/public/admin/employees/__next._tree.txt ... 
2026-05-24 15:59:41 +0000  500 bytes for ./Payload/App.app/public/admin/employees/__next._tree.txt
2026-05-24 15:59:41 +0000  copying file ./Payload/App.app/public/admin/employees/__next._head.txt ... 
2026-05-24 15:59:41 +0000  1825 bytes for ./Payload/App.app/public/admin/employees/__next._head.txt
2026-05-24 15:59:41 +0000  copying file ./Payload/App.app/public/admin/employees/__next.admin.txt ... 
2026-05-24 15:59:41 +0000  525 bytes for ./Payload/App.app/public/admin/employees/__next.admin.txt
2026-05-24 15:59:41 +0000  copying file ./Payload/App.app/public/admin/employees/__next._full.txt ... 
2026-05-24 15:59:41 +0000  8150 bytes for ./Payload/App.app/public/admin/employees/__next._full.txt
2026-05-24 15:59:41 +0000  copying file ./Payload/App.app/public/admin/employees/__next._index.txt ... 
2026-05-24 15:59:41 +0000  3548 bytes for ./Payload/App.app/public/admin/employees/__next._index.txt
2026-05-24 15:59:41 +0000  copying file ./Payload/App.app/public/admin/employees/__next.admin.employees.txt ... 
2026-05-24 15:59:41 +0000  525 bytes for ./Payload/App.app/public/admin/employees/__next.admin.employees.txt
2026-05-24 15:59:41 +0000  copying file ./Payload/App.app/public/admin/employees/__next.admin.employees.__PAGE__.txt ... 
2026-05-24 15:59:41 +0000  1151 bytes for ./Payload/App.app/public/admin/employees/__next.admin.employees.__PAGE__.txt
2026-05-24 15:59:41 +0000  copying file ./Payload/App.app/public/admin/families/__next._tree.txt ... 
2026-05-24 15:59:41 +0000  499 bytes for ./Payload/App.app/public/admin/families/__next._tree.txt
2026-05-24 15:59:41 +0000  copying file ./Payload/App.app/public/admin/families/__next._head.txt ... 
2026-05-24 15:59:41 +0000  1825 bytes for ./Payload/App.app/public/admin/families/__next._head.txt
2026-05-24 15:59:41 +0000  copying file ./Payload/App.app/public/admin/families/__next.admin.txt ... 
2026-05-24 15:59:41 +0000  525 bytes for ./Payload/App.app/public/admin/families/__next.admin.txt
copying file ./Payload/App.app/public/admin/families/__next._full.txt ... 
2026-05-24 15:59:41 +0000  8148 bytes for ./Payload/App.app/public/admin/families/__next._full.txt
2026-05-24 15:59:41 +0000  copying file ./Payload/App.app/public/admin/families/__next._index.txt ... 
2026-05-24 15:59:41 +0000  3548 bytes for ./Payload/App.app/public/admin/families/__next._index.txt
2026-05-24 15:59:41 +0000  copying file ./Payload/App.app/public/admin/families/__next.admin.families.txt ... 
2026-05-24 15:59:41 +0000  525 bytes for ./Payload/App.app/public/admin/families/__next.admin.families.txt
2026-05-24 15:59:41 +0000  copying file ./Payload/App.app/public/admin/families/__next.admin.families.__PAGE__.txt ... 
2026-05-24 15:59:41 +0000  1151 bytes for ./Payload/App.app/public/admin/families/__next.admin.families.__PAGE__.txt
2026-05-24 15:59:41 +0000  copying file ./Payload/App.app/public/library.html ... 
2026-05-24 15:59:41 +0000  20154 bytes for ./Payload/App.app/public/library.html
2026-05-24 15:59:41 +0000  copying file ./Payload/App.app/public/404.html ... 
2026-05-24 15:59:41 +0000  12258 bytes for ./Payload/App.app/public/404.html
2026-05-24 15:59:41 +0000  copying file ./Payload/App.app/public/icon.svg ... 
2026-05-24 15:59:41 +0000  1198 bytes for ./Payload/App.app/public/icon.svg
2026-05-24 15:59:41 +0000  copying file ./Payload/App.app/public/login.html ... 
2026-05-24 15:59:41 +0000  11135 bytes for ./Payload/App.app/public/login.html
2026-05-24 15:59:41 +0000  copying file ./Payload/App.app/public/library/__next._tree.txt ... 
2026-05-24 15:59:41 +0000  429 bytes for ./Payload/App.app/public/library/__next._tree.txt
2026-05-24 15:59:41 +0000  copying file ./Payload/App.app/public/library/__next._head.txt ... 
2026-05-24 15:59:41 +0000  1825 bytes for ./Payload/App.app/public/library/__next._head.txt
2026-05-24 15:59:41 +0000  copying file ./Payload/App.app/public/library/__next.library.txt ... 
2026-05-24 15:59:41 +0000  525 bytes for ./Payload/App.app/public/library/__next.library.txt
2026-05-24 15:59:41 +0000  copying file ./Payload/App.app/public/library/__next.library.__PAGE__.txt ... 
2026-05-24 15:59:41 +0000  1024 bytes for ./Payload/App.app/public/library/__next.library.__PAGE__.txt
2026-05-24 15:59:41 +0000  copying file ./Payload/App.app/public/library/__next._full.txt ... 
2026-05-24 15:59:41 +0000  7593 bytes for ./Payload/App.app/public/library/__next._full.txt
2026-05-24 15:59:41 +0000  copying file ./Payload/App.app/public/library/__next._index.txt ... 
2026-05-24 15:59:41 +0000  3548 bytes for ./Payload/App.app/public/library/__next._index.txt
2026-05-24 15:59:41 +0000  copying file ./Payload/App.app/public/bece.txt ... 
2026-05-24 15:59:41 +0000  7587 bytes for ./Payload/App.app/public/bece.txt
2026-05-24 15:59:41 +0000  copying file ./Payload/App.app/public/__next.__PAGE__.txt ... 
2026-05-24 15:59:41 +0000  1024 bytes for ./Payload/App.app/public/__next.__PAGE__.txt
2026-05-24 15:59:41 +0000  copying file ./Payload/App.app/public/_not-found.html ... 
2026-05-24 15:59:41 +0000  12258 bytes for ./Payload/App.app/public/_not-found.html
2026-05-24 15:59:41 +0000  copying file ./Payload/App.app/public/parent.txt ... 
2026-05-24 15:59:41 +0000  7739 bytes for ./Payload/App.app/public/parent.txt
2026-05-24 15:59:41 +0000  copying file ./Payload/App.app/public/invite/__next._tree.txt ... 
2026-05-24 15:59:41 +0000  428 bytes for ./Payload/App.app/public/invite/__next._tree.txt
2026-05-24 15:59:41 +0000  copying file ./Payload/App.app/public/invite/__next._head.txt ... 
2026-05-24 15:59:41 +0000  1825 bytes for ./Payload/App.app/public/invite/__next._head.txt
2026-05-24 15:59:41 +0000  copying file ./Payload/App.app/public/invite/__next.invite.__PAGE__.txt ... 
2026-05-24 15:59:41 +0000  1024 bytes for ./Payload/App.app/public/invite/__next.invite.__PAGE__.txt
2026-05-24 15:59:41 +0000  copying file ./Payload/App.app/public/invite/__next._full.txt ... 
2026-05-24 15:59:41 +0000  7591 bytes for ./Payload/App.app/public/invite/__next._full.txt
2026-05-24 15:59:41 +0000  copying file ./Payload/App.app/public/invite/__next._index.txt ... 
2026-05-24 15:59:41 +0000  3548 bytes for ./Payload/App.app/public/invite/__next._index.txt
2026-05-24 15:59:41 +0000  copying file ./Payload/App.app/public/invite/__next.invite.txt ... 
2026-05-24 15:59:41 +0000  525 bytes for ./Payload/App.app/public/invite/__next.invite.txt
2026-05-24 15:59:41 +0000  copying file ./Payload/App.app/public/logo-transparent.png ... 
2026-05-24 15:59:41 +0000  356946 bytes for ./Payload/App.app/public/logo-transparent.png
2026-05-24 15:59:41 +0000  copying file ./Payload/App.app/public/admin.txt ... 
2026-05-24 15:59:41 +0000  7589 bytes for ./Payload/App.app/public/admin.txt
2026-05-24 15:59:41 +0000  copying file ./Payload/App.app/public/logo.png ... 
2026-05-24 15:59:41 +0000  367166 bytes for ./Payload/App.app/public/logo.png
2026-05-24 15:59:41 +0000  copying file ./Payload/App.app/public/parent/__next._tree.txt ... 
2026-05-24 15:59:41 +0000  428 bytes for ./Payload/App.app/public/parent/__next._tree.txt
2026-05-24 15:59:41 +0000  copying file ./Payload/App.app/public/parent/__next._head.txt ... 
2026-05-24 15:59:41 +0000  1825 bytes for ./Payload/App.app/public/parent/__next._head.txt
2026-05-24 15:59:41 +0000  copying file ./Payload/App.app/public/parent/__next.parent.txt ... 
2026-05-24 15:59:41 +0000  525 bytes for ./Payload/App.app/public/parent/__next.parent.txt
copying file ./Payload/App.app/public/parent/__next._full.txt ... 
2026-05-24 15:59:41 +0000  7739 bytes for ./Payload/App.app/public/parent/__next._full.txt
2026-05-24 15:59:41 +0000  copying file ./Payload/App.app/public/parent/__next._index.txt ... 
2026-05-24 15:59:41 +0000  3548 bytes for ./Payload/App.app/public/parent/__next._index.txt
2026-05-24 15:59:41 +0000  copying file ./Payload/App.app/public/parent/__next.parent.__PAGE__.txt ... 
2026-05-24 15:59:41 +0000  1151 bytes for ./Payload/App.app/public/parent/__next.parent.__PAGE__.txt
2026-05-24 15:59:41 +0000  copying file ./Payload/App.app/public/vercel.svg ... 
2026-05-24 15:59:41 +0000  128 bytes for ./Payload/App.app/public/vercel.svg
2026-05-24 15:59:41 +0000  copying file ./Payload/App.app/public/manifest.json ... 
2026-05-24 15:59:41 +0000  861 bytes for ./Payload/App.app/public/manifest.json
2026-05-24 15:59:41 +0000  copying file ./Payload/App.app/public/next.svg ... 
2026-05-24 15:59:41 +0000  1375 bytes for ./Payload/App.app/public/next.svg
2026-05-24 15:59:41 +0000  copying file ./Payload/App.app/public/principal.html ... 
2026-05-24 15:59:41 +0000  11275 bytes for ./Payload/App.app/public/principal.html
2026-05-24 15:59:41 +0000  copying file ./Payload/App.app/public/cordova_plugins.js ... 
2026-05-24 15:59:41 +0000  0 bytes for ./Payload/App.app/public/cordova_plugins.js
2026-05-24 15:59:41 +0000  copying file ./Payload/App.app/public/_not-found/__next._tree.txt ... 
2026-05-24 15:59:41 +0000  319 bytes for ./Payload/App.app/public/_not-found/__next._tree.txt
2026-05-24 15:59:41 +0000  copying file ./Payload/App.app/public/_not-found/__next._head.txt ... 
2026-05-24 15:59:41 +0000  1876 bytes for ./Payload/App.app/public/_not-found/__next._head.txt
copying file ./Payload/App.app/public/_not-found/__next._full.txt ... 
2026-05-24 15:59:41 +0000  8083 bytes for ./Payload/App.app/public/_not-found/__next._full.txt
2026-05-24 15:59:41 +0000  copying file ./Payload/App.app/public/_not-found/__next._index.txt ... 
2026-05-24 15:59:41 +0000  3548 bytes for ./Payload/App.app/public/_not-found/__next._index.txt
copying file ./Payload/App.app/public/_not-found/__next._not-found.txt ... 
2026-05-24 15:59:41 +0000  525 bytes for ./Payload/App.app/public/_not-found/__next._not-found.txt
2026-05-24 15:59:41 +0000  copying file ./Payload/App.app/public/_not-found/__next._not-found.__PAGE__.txt ... 
2026-05-24 15:59:41 +0000  1502 bytes for ./Payload/App.app/public/_not-found/__next._not-found.__PAGE__.txt
2026-05-24 15:59:41 +0000  copying file ./Payload/App.app/public/parent.html ... 
2026-05-24 15:59:41 +0000  11505 bytes for ./Payload/App.app/public/parent.html
2026-05-24 15:59:41 +0000  copying file ./Payload/App.app/public/student.html ... 
2026-05-24 15:59:41 +0000  11271 bytes for ./Payload/App.app/public/student.html
2026-05-24 15:59:41 +0000  copying file ./Payload/App.app/public/student.txt ... 
2026-05-24 15:59:41 +0000  7593 bytes for ./Payload/App.app/public/student.txt
2026-05-24 15:59:41 +0000  copying file ./Payload/App.app/public/globe.svg ... 
2026-05-24 15:59:41 +0000  1035 bytes for ./Payload/App.app/public/globe.svg
2026-05-24 15:59:41 +0000  copying file ./Payload/App.app/public/bece.html ... 
2026-05-24 15:59:41 +0000  17001 bytes for ./Payload/App.app/public/bece.html
2026-05-24 15:59:41 +0000  copying file ./Payload/App.app/public/window.svg ... 
2026-05-24 15:59:41 +0000  385 bytes for ./Payload/App.app/public/window.svg
copying file ./Payload/App.app/public/logo.svg ... 
2026-05-24 15:59:41 +0000  5262 bytes for ./Payload/App.app/public/logo.svg
2026-05-24 15:59:41 +0000  copying file ./Payload/App.app/public/teacher/attendance/__next._tree.txt ... 
2026-05-24 15:59:41 +0000  503 bytes for ./Payload/App.app/public/teacher/attendance/__next._tree.txt
2026-05-24 15:59:41 +0000  copying file ./Payload/App.app/public/teacher/attendance/__next._head.txt ... 
2026-05-24 15:59:41 +0000  1825 bytes for ./Payload/App.app/public/teacher/attendance/__next._head.txt
copying file ./Payload/App.app/public/teacher/attendance/__next._full.txt ... 
2026-05-24 15:59:41 +0000  8008 bytes for ./Payload/App.app/public/teacher/attendance/__next._full.txt
2026-05-24 15:59:41 +0000  copying file ./Payload/App.app/public/teacher/attendance/__next._index.txt ... 
2026-05-24 15:59:41 +0000  3548 bytes for ./Payload/App.app/public/teacher/attendance/__next._index.txt
2026-05-24 15:59:41 +0000  copying file ./Payload/App.app/public/teacher/attendance/__next.teacher.txt ... 
2026-05-24 15:59:41 +0000  525 bytes for ./Payload/App.app/public/teacher/attendance/__next.teacher.txt
2026-05-24 15:59:41 +0000  copying file ./Payload/App.app/public/teacher/attendance/__next.teacher.attendance.txt ... 
2026-05-24 15:59:41 +0000  525 bytes for ./Payload/App.app/public/teacher/attendance/__next.teacher.attendance.txt
2026-05-24 15:59:41 +0000  copying file ./Payload/App.app/public/teacher/attendance/__next.teacher.attendance.__PAGE__.txt ... 
2026-05-24 15:59:41 +0000  1024 bytes for ./Payload/App.app/public/teacher/attendance/__next.teacher.attendance.__PAGE__.txt
2026-05-24 15:59:41 +0000  copying file ./Payload/App.app/public/teacher/pickup.html ... 
2026-05-24 15:59:41 +0000  11742 bytes for ./Payload/App.app/public/teacher/pickup.html
2026-05-24 15:59:41 +0000  copying file ./Payload/App.app/public/teacher/__next._tree.txt ... 
2026-05-24 15:59:41 +0000  429 bytes for ./Payload/App.app/public/teacher/__next._tree.txt
2026-05-24 15:59:41 +0000  copying file ./Payload/App.app/public/teacher/feed.html ... 
2026-05-24 15:59:41 +0000  11737 bytes for ./Payload/App.app/public/teacher/feed.html
2026-05-24 15:59:41 +0000  copying file ./Payload/App.app/public/teacher/__next._head.txt ... 
2026-05-24 15:59:41 +0000  1825 bytes for ./Payload/App.app/public/teacher/__next._head.txt
2026-05-24 15:59:41 +0000  copying file ./Payload/App.app/public/teacher/assessments/__next._tree.txt ... 
2026-05-24 15:59:41 +0000  504 bytes for ./Payload/App.app/public/teacher/assessments/__next._tree.txt
2026-05-24 15:59:41 +0000  copying file ./Payload/App.app/public/teacher/assessments/__next._head.txt ... 
2026-05-24 15:59:41 +0000  1825 bytes for ./Payload/App.app/public/teacher/assessments/__next._head.txt
2026-05-24 15:59:41 +0000  copying file ./Payload/App.app/public/teacher/assessments/__next._full.txt ... 
2026-05-24 15:59:41 +0000  8158 bytes for ./Payload/App.app/public/teacher/assessments/__next._full.txt
2026-05-24 15:59:41 +0000  copying file ./Payload/App.app/public/teacher/assessments/__next._index.txt ... 
2026-05-24 15:59:41 +0000  3548 bytes for ./Payload/App.app/public/teacher/assessments/__next._index.txt
2026-05-24 15:59:41 +0000  copying file ./Payload/App.app/public/teacher/assessments/__next.teacher.txt ... 
2026-05-24 15:59:41 +0000  525 bytes for ./Payload/App.app/public/teacher/assessments/__next.teacher.txt
2026-05-24 15:59:41 +0000  copying file ./Payload/App.app/public/teacher/assessments/__next.teacher.assessments.txt ... 
2026-05-24 15:59:41 +0000  525 bytes for ./Payload/App.app/public/teacher/assessments/__next.teacher.assessments.txt
2026-05-24 15:59:41 +0000  copying file ./Payload/App.app/public/teacher/assessments/__next.teacher.assessments.__PAGE__.txt ... 
2026-05-24 15:59:41 +0000  1151 bytes for ./Payload/App.app/public/teacher/assessments/__next.teacher.assessments.__PAGE__.txt
2026-05-24 15:59:41 +0000  copying file ./Payload/App.app/public/teacher/questions.txt ... 
2026-05-24 15:59:41 +0000  8006 bytes for ./Payload/App.app/public/teacher/questions.txt
2026-05-24 15:59:41 +0000  copying file ./Payload/App.app/public/teacher/attendance.txt ... 
2026-05-24 15:59:41 +0000  8008 bytes for ./Payload/App.app/public/teacher/attendance.txt
2026-05-24 15:59:41 +0000  copying file ./Payload/App.app/public/teacher/chat/__next.teacher.chat.txt ... 
2026-05-24 15:59:41 +0000  525 bytes for ./Payload/App.app/public/teacher/chat/__next.teacher.chat.txt
2026-05-24 15:59:41 +0000  copying file ./Payload/App.app/public/teacher/chat/__next._tree.txt ... 
2026-05-24 15:59:41 +0000  497 bytes for ./Payload/App.app/public/teacher/chat/__next._tree.txt
copying file ./Payload/App.app/public/teacher/chat/__next._head.txt ... 
2026-05-24 15:59:41 +0000  1825 bytes for ./Payload/App.app/public/teacher/chat/__next._head.txt
2026-05-24 15:59:41 +0000  copying file ./Payload/App.app/public/teacher/chat/__next.teacher.chat.__PAGE__.txt ... 
2026-05-24 15:59:41 +0000  1024 bytes for ./Payload/App.app/public/teacher/chat/__next.teacher.chat.__PAGE__.txt
2026-05-24 15:59:41 +0000  copying file ./Payload/App.app/public/teacher/chat/__next._full.txt ... 
2026-05-24 15:59:41 +0000  7996 bytes for ./Payload/App.app/public/teacher/chat/__next._full.txt
2026-05-24 15:59:41 +0000  copying file ./Payload/App.app/public/teacher/chat/__next._index.txt ... 
2026-05-24 15:59:41 +0000  3548 bytes for ./Payload/App.app/public/teacher/chat/__next._index.txt
2026-05-24 15:59:41 +0000  copying file ./Payload/App.app/public/teacher/chat/__next.teacher.txt ... 
2026-05-24 15:59:41 +0000  525 bytes for ./Payload/App.app/public/teacher/chat/__next.teacher.txt
2026-05-24 15:59:41 +0000  copying file ./Payload/App.app/public/teacher/gradebook.html ... 
2026-05-24 15:59:41 +0000  11748 bytes for ./Payload/App.app/public/teacher/gradebook.html
2026-05-24 15:59:41 +0000  copying file ./Payload/App.app/public/teacher/feed.txt ... 
2026-05-24 15:59:41 +0000  7995 bytes for ./Payload/App.app/public/teacher/feed.txt
2026-05-24 15:59:41 +0000  copying file ./Payload/App.app/public/teacher/assessments.html ... 
2026-05-24 15:59:41 +0000  11988 bytes for ./Payload/App.app/public/teacher/assessments.html
2026-05-24 15:59:41 +0000  copying file ./Payload/App.app/public/teacher/__next._full.txt ... 
2026-05-24 15:59:41 +0000  7593 bytes for ./Payload/App.app/public/teacher/__next._full.txt
2026-05-24 15:59:41 +0000  copying file ./Payload/App.app/public/teacher/homework.txt ... 
2026-05-24 15:59:41 +0000  8004 bytes for ./Payload/App.app/public/teacher/homework.txt
2026-05-24 15:59:41 +0000  copying file ./Payload/App.app/public/teacher/__next._index.txt ... 
2026-05-24 15:59:41 +0000  3548 bytes for ./Payload/App.app/public/teacher/__next._index.txt
2026-05-24 15:59:41 +0000  copying file ./Payload/App.app/public/teacher/pickup.txt ... 
2026-05-24 15:59:41 +0000  8000 bytes for ./Payload/App.app/public/teacher/pickup.txt
2026-05-24 15:59:41 +0000  copying file ./Payload/App.app/public/teacher/attendance.html ... 
2026-05-24 15:59:41 +0000  11750 bytes for ./Payload/App.app/public/teacher/attendance.html
2026-05-24 15:59:41 +0000  copying file ./Payload/App.app/public/teacher/__next.teacher.txt ... 
2026-05-24 15:59:41 +0000  525 bytes for ./Payload/App.app/public/teacher/__next.teacher.txt
2026-05-24 15:59:41 +0000  copying file ./Payload/App.app/public/teacher/pickup/__next._tree.txt ... 
2026-05-24 15:59:41 +0000  499 bytes for ./Payload/App.app/public/teacher/pickup/__next._tree.txt
2026-05-24 15:59:41 +0000  copying file ./Payload/App.app/public/teacher/pickup/__next._head.txt ... 
2026-05-24 15:59:41 +0000  1825 bytes for ./Payload/App.app/public/teacher/pickup/__next._head.txt
2026-05-24 15:59:41 +0000  copying file ./Payload/App.app/public/teacher/pickup/__next._full.txt ... 
2026-05-24 15:59:41 +0000  8000 bytes for ./Payload/App.app/public/teacher/pickup/__next._full.txt
2026-05-24 15:59:41 +0000  copying file ./Payload/App.app/public/teacher/pickup/__next._index.txt ... 
2026-05-24 15:59:41 +0000  3548 bytes for ./Payload/App.app/public/teacher/pickup/__next._index.txt
2026-05-24 15:59:41 +0000  copying file ./Payload/App.app/public/teacher/pickup/__next.teacher.txt ... 
2026-05-24 15:59:41 +0000  525 bytes for ./Payload/App.app/public/teacher/pickup/__next.teacher.txt
2026-05-24 15:59:41 +0000  copying file ./Payload/App.app/public/teacher/pickup/__next.teacher.pickup.txt ... 
2026-05-24 15:59:41 +0000  525 bytes for ./Payload/App.app/public/teacher/pickup/__next.teacher.pickup.txt
2026-05-24 15:59:41 +0000  copying file ./Payload/App.app/public/teacher/pickup/__next.teacher.pickup.__PAGE__.txt ... 
2026-05-24 15:59:41 +0000  1024 bytes for ./Payload/App.app/public/teacher/pickup/__next.teacher.pickup.__PAGE__.txt
copying file ./Payload/App.app/public/teacher/assessments.txt ... 
2026-05-24 15:59:41 +0000  8158 bytes for ./Payload/App.app/public/teacher/assessments.txt
2026-05-24 15:59:41 +0000  copying file ./Payload/App.app/public/teacher/questions.html ... 
2026-05-24 15:59:41 +0000  11748 bytes for ./Payload/App.app/public/teacher/questions.html
2026-05-24 15:59:41 +0000  copying file ./Payload/App.app/public/teacher/homework/__next._tree.txt ... 
2026-05-24 15:59:41 +0000  501 bytes for ./Payload/App.app/public/teacher/homework/__next._tree.txt
2026-05-24 15:59:41 +0000  copying file ./Payload/App.app/public/teacher/homework/__next._head.txt ... 
2026-05-24 15:59:41 +0000  1825 bytes for ./Payload/App.app/public/teacher/homework/__next._head.txt
2026-05-24 15:59:41 +0000  copying file ./Payload/App.app/public/teacher/homework/__next._full.txt ... 
2026-05-24 15:59:41 +0000  8004 bytes for ./Payload/App.app/public/teacher/homework/__next._full.txt
2026-05-24 15:59:41 +0000  copying file ./Payload/App.app/public/teacher/homework/__next._index.txt ... 
2026-05-24 15:59:41 +0000  3548 bytes for ./Payload/App.app/public/teacher/homework/__next._index.txt
2026-05-24 15:59:41 +0000  copying file ./Payload/App.app/public/teacher/homework/__next.teacher.txt ... 
2026-05-24 15:59:41 +0000  525 bytes for ./Payload/App.app/public/teacher/homework/__next.teacher.txt
2026-05-24 15:59:41 +0000  copying file ./Payload/App.app/public/teacher/homework/__next.teacher.homework.txt ... 
2026-05-24 15:59:41 +0000  525 bytes for ./Payload/App.app/public/teacher/homework/__next.teacher.homework.txt
copying file ./Payload/App.app/public/teacher/homework/__next.teacher.homework.__PAGE__.txt ... 
2026-05-24 15:59:41 +0000  1024 bytes for ./Payload/App.app/public/teacher/homework/__next.teacher.homework.__PAGE__.txt
2026-05-24 15:59:41 +0000  copying file ./Payload/App.app/public/teacher/feed/__next._tree.txt ... 
2026-05-24 15:59:41 +0000  497 bytes for ./Payload/App.app/public/teacher/feed/__next._tree.txt
2026-05-24 15:59:41 +0000  copying file ./Payload/App.app/public/teacher/feed/__next._head.txt ... 
2026-05-24 15:59:41 +0000  1825 bytes for ./Payload/App.app/public/teacher/feed/__next._head.txt
2026-05-24 15:59:41 +0000  copying file ./Payload/App.app/public/teacher/feed/__next.teacher.feed.__PAGE__.txt ... 
2026-05-24 15:59:41 +0000  1023 bytes for ./Payload/App.app/public/teacher/feed/__next.teacher.feed.__PAGE__.txt
2026-05-24 15:59:41 +0000  copying file ./Payload/App.app/public/teacher/feed/__next._full.txt ... 
2026-05-24 15:59:41 +0000  7995 bytes for ./Payload/App.app/public/teacher/feed/__next._full.txt
2026-05-24 15:59:41 +0000  copying file ./Payload/App.app/public/teacher/feed/__next._index.txt ... 
2026-05-24 15:59:41 +0000  3548 bytes for ./Payload/App.app/public/teacher/feed/__next._index.txt
copying file ./Payload/App.app/public/teacher/feed/__next.teacher.txt ... 
2026-05-24 15:59:41 +0000  525 bytes for ./Payload/App.app/public/teacher/feed/__next.teacher.txt
2026-05-24 15:59:41 +0000  copying file ./Payload/App.app/public/teacher/feed/__next.teacher.feed.txt ... 
2026-05-24 15:59:41 +0000  525 bytes for ./Payload/App.app/public/teacher/feed/__next.teacher.feed.txt
2026-05-24 15:59:41 +0000  copying file ./Payload/App.app/public/teacher/gradebook.txt ... 
2026-05-24 15:59:41 +0000  8006 bytes for ./Payload/App.app/public/teacher/gradebook.txt
2026-05-24 15:59:41 +0000  copying file ./Payload/App.app/public/teacher/chat.txt ... 
2026-05-24 15:59:41 +0000  7996 bytes for ./Payload/App.app/public/teacher/chat.txt
2026-05-24 15:59:41 +0000  copying file ./Payload/App.app/public/teacher/gradebook/__next._tree.txt ... 
2026-05-24 15:59:41 +0000  502 bytes for ./Payload/App.app/public/teacher/gradebook/__next._tree.txt
copying file ./Payload/App.app/public/teacher/gradebook/__next._head.txt ... 
2026-05-24 15:59:41 +0000  1825 bytes for ./Payload/App.app/public/teacher/gradebook/__next._head.txt
copying file ./Payload/App.app/public/teacher/gradebook/__next.teacher.gradebook.txt ... 
2026-05-24 15:59:41 +0000  525 bytes for ./Payload/App.app/public/teacher/gradebook/__next.teacher.gradebook.txt
2026-05-24 15:59:41 +0000  copying file ./Payload/App.app/public/teacher/gradebook/__next._full.txt ... 
2026-05-24 15:59:41 +0000  8006 bytes for ./Payload/App.app/public/teacher/gradebook/__next._full.txt
2026-05-24 15:59:41 +0000  copying file ./Payload/App.app/public/teacher/gradebook/__next._index.txt ... 
3548 bytes for ./Payload/App.app/public/teacher/gradebook/__next._index.txt
copying file ./Payload/App.app/public/teacher/gradebook/__next.teacher.txt ... 
2026-05-24 15:59:41 +0000  525 bytes for ./Payload/App.app/public/teacher/gradebook/__next.teacher.txt
2026-05-24 15:59:41 +0000  copying file ./Payload/App.app/public/teacher/gradebook/__next.teacher.gradebook.__PAGE__.txt ... 
2026-05-24 15:59:41 +0000  1024 bytes for ./Payload/App.app/public/teacher/gradebook/__next.teacher.gradebook.__PAGE__.txt
2026-05-24 15:59:41 +0000  copying file ./Payload/App.app/public/teacher/homework.html ... 
2026-05-24 15:59:41 +0000  11746 bytes for ./Payload/App.app/public/teacher/homework.html
2026-05-24 15:59:41 +0000  copying file ./Payload/App.app/public/teacher/lessons/__next._tree.txt ... 
2026-05-24 15:59:41 +0000  500 bytes for ./Payload/App.app/public/teacher/lessons/__next._tree.txt
2026-05-24 15:59:41 +0000  copying file ./Payload/App.app/public/teacher/lessons/__next._head.txt ... 
2026-05-24 15:59:41 +0000  1825 bytes for ./Payload/App.app/public/teacher/lessons/__next._head.txt
2026-05-24 15:59:41 +0000  copying file ./Payload/App.app/public/teacher/lessons/__next._full.txt ... 
2026-05-24 15:59:41 +0000  8002 bytes for ./Payload/App.app/public/teacher/lessons/__next._full.txt
2026-05-24 15:59:41 +0000  copying file ./Payload/App.app/public/teacher/lessons/__next._index.txt ... 
2026-05-24 15:59:41 +0000  3548 bytes for ./Payload/App.app/public/teacher/lessons/__next._index.txt
2026-05-24 15:59:41 +0000  copying file ./Payload/App.app/public/teacher/lessons/__next.teacher.txt ... 
2026-05-24 15:59:41 +0000  525 bytes for ./Payload/App.app/public/teacher/lessons/__next.teacher.txt
copying file ./Payload/App.app/public/teacher/lessons/__next.teacher.lessons.txt ... 
2026-05-24 15:59:41 +0000  525 bytes for ./Payload/App.app/public/teacher/lessons/__next.teacher.lessons.txt
2026-05-24 15:59:41 +0000  copying file ./Payload/App.app/public/teacher/lessons/__next.teacher.lessons.__PAGE__.txt ... 
2026-05-24 15:59:41 +0000  1024 bytes for ./Payload/App.app/public/teacher/lessons/__next.teacher.lessons.__PAGE__.txt
2026-05-24 15:59:41 +0000  copying file ./Payload/App.app/public/teacher/lessons.txt ... 
2026-05-24 15:59:41 +0000  8002 bytes for ./Payload/App.app/public/teacher/lessons.txt
2026-05-24 15:59:41 +0000  copying file ./Payload/App.app/public/teacher/__next.teacher.__PAGE__.txt ... 
2026-05-24 15:59:41 +0000  1024 bytes for ./Payload/App.app/public/teacher/__next.teacher.__PAGE__.txt
2026-05-24 15:59:41 +0000  copying file ./Payload/App.app/public/teacher/questions/__next._tree.txt ... 
2026-05-24 15:59:41 +0000  502 bytes for ./Payload/App.app/public/teacher/questions/__next._tree.txt
2026-05-24 15:59:41 +0000  copying file ./Payload/App.app/public/teacher/questions/__next._head.txt ... 
2026-05-24 15:59:41 +0000  1825 bytes for ./Payload/App.app/public/teacher/questions/__next._head.txt
2026-05-24 15:59:41 +0000  copying file ./Payload/App.app/public/teacher/questions/__next.teacher.questions.__PAGE__.txt ... 
2026-05-24 15:59:41 +0000  1024 bytes for ./Payload/App.app/public/teacher/questions/__next.teacher.questions.__PAGE__.txt
2026-05-24 15:59:41 +0000  copying file ./Payload/App.app/public/teacher/questions/__next._full.txt ... 
2026-05-24 15:59:41 +0000  8006 bytes for ./Payload/App.app/public/teacher/questions/__next._full.txt
2026-05-24 15:59:41 +0000  copying file ./Payload/App.app/public/teacher/questions/__next._index.txt ... 
2026-05-24 15:59:41 +0000  3548 bytes for ./Payload/App.app/public/teacher/questions/__next._index.txt
2026-05-24 15:59:41 +0000  copying file ./Payload/App.app/public/teacher/questions/__next.teacher.txt ... 
2026-05-24 15:59:41 +0000  525 bytes for ./Payload/App.app/public/teacher/questions/__next.teacher.txt
copying file ./Payload/App.app/public/teacher/questions/__next.teacher.questions.txt ... 
2026-05-24 15:59:41 +0000  525 bytes for ./Payload/App.app/public/teacher/questions/__next.teacher.questions.txt
2026-05-24 15:59:41 +0000  copying file ./Payload/App.app/public/teacher/chat.html ... 
2026-05-24 15:59:41 +0000  11738 bytes for ./Payload/App.app/public/teacher/chat.html
2026-05-24 15:59:41 +0000  copying file ./Payload/App.app/public/teacher/lessons.html ... 
2026-05-24 15:59:41 +0000  11744 bytes for ./Payload/App.app/public/teacher/lessons.html
2026-05-24 15:59:41 +0000  copying file ./Payload/App.app/public/teacher.html ... 
2026-05-24 15:59:41 +0000  11271 bytes for ./Payload/App.app/public/teacher.html
2026-05-24 15:59:41 +0000  copying file ./Payload/App.app/public/login/__next._tree.txt ... 
2026-05-24 15:59:41 +0000  427 bytes for ./Payload/App.app/public/login/__next._tree.txt
2026-05-24 15:59:41 +0000  copying file ./Payload/App.app/public/login/__next.login.__PAGE__.txt ... 
2026-05-24 15:59:41 +0000  1024 bytes for ./Payload/App.app/public/login/__next.login.__PAGE__.txt
2026-05-24 15:59:41 +0000  copying file ./Payload/App.app/public/login/__next._head.txt ... 
2026-05-24 15:59:41 +0000  1825 bytes for ./Payload/App.app/public/login/__next._head.txt
2026-05-24 15:59:41 +0000  copying file ./Payload/App.app/public/login/__next._full.txt ... 
2026-05-24 15:59:41 +0000  7589 bytes for ./Payload/App.app/public/login/__next._full.txt
2026-05-24 15:59:41 +0000  copying file ./Payload/App.app/public/login/__next._index.txt ... 
2026-05-24 15:59:41 +0000  3548 bytes for ./Payload/App.app/public/login/__next._index.txt
2026-05-24 15:59:41 +0000  copying file ./Payload/App.app/public/login/__next.login.txt ... 
2026-05-24 15:59:41 +0000  525 bytes for ./Payload/App.app/public/login/__next.login.txt
2026-05-24 15:59:41 +0000  copying file ./Payload/App.app/public/sw.js ... 
2026-05-24 15:59:41 +0000  1181 bytes for ./Payload/App.app/public/sw.js
2026-05-24 15:59:41 +0000  copying file ./Payload/App.app/public/offline/__next._tree.txt ... 
2026-05-24 15:59:41 +0000  429 bytes for ./Payload/App.app/public/offline/__next._tree.txt
2026-05-24 15:59:41 +0000  copying file ./Payload/App.app/public/offline/__next._head.txt ... 
2026-05-24 15:59:41 +0000  1825 bytes for ./Payload/App.app/public/offline/__next._head.txt
2026-05-24 15:59:41 +0000  copying file ./Payload/App.app/public/offline/__next.offline.txt ... 
2026-05-24 15:59:41 +0000  525 bytes for ./Payload/App.app/public/offline/__next.offline.txt
2026-05-24 15:59:41 +0000  copying file ./Payload/App.app/public/offline/__next._full.txt ... 
2026-05-24 15:59:41 +0000  7593 bytes for ./Payload/App.app/public/offline/__next._full.txt
2026-05-24 15:59:41 +0000  copying file ./Payload/App.app/public/offline/__next._index.txt ... 
2026-05-24 15:59:41 +0000  3548 bytes for ./Payload/App.app/public/offline/__next._index.txt
2026-05-24 15:59:41 +0000  copying file ./Payload/App.app/public/offline/__next.offline.__PAGE__.txt ... 
2026-05-24 15:59:41 +0000  1024 bytes for ./Payload/App.app/public/offline/__next.offline.__PAGE__.txt
2026-05-24 15:59:41 +0000  copying file ./Payload/App.app/public/_not-found.txt ... 
2026-05-24 15:59:41 +0000  8083 bytes for ./Payload/App.app/public/_not-found.txt
2026-05-24 15:59:41 +0000  copying file ./Payload/App.app/Assets.car ... 
2026-05-24 15:59:41 +0000  2188248 bytes for ./Payload/App.app/Assets.car
2026-05-24 15:59:41 +0000  copying file ./Payload/App.app/AppIcon76x76@2x~ipad.png ... 
2026-05-24 15:59:41 +0000  41815 bytes for ./Payload/App.app/AppIcon76x76@2x~ipad.png
2026-05-24 15:59:41 +0000  copying file ./Payload/App.app/capacitor.config.json ... 
2026-05-24 15:59:41 +0000  194 bytes for ./Payload/App.app/capacitor.config.json
2026-05-24 15:59:41 +0000  copying file ./Payload/App.app/Frameworks/Capacitor.framework/_CodeSignature/CodeResources ... 
2026-05-24 15:59:41 +0000  2252 bytes for ./Payload/App.app/Frameworks/Capacitor.framework/_CodeSignature/CodeResources
2026-05-24 15:59:41 +0000  copying file ./Payload/App.app/Frameworks/Capacitor.framework/native-bridge.js ... 
2026-05-24 15:59:41 +0000  53467 bytes for ./Payload/App.app/Frameworks/Capacitor.framework/native-bridge.js
2026-05-24 15:59:41 +0000  copying file ./Payload/App.app/Frameworks/Capacitor.framework/Capacitor ... 
2026-05-24 15:59:41 +0000  865552 bytes for ./Payload/App.app/Frameworks/Capacitor.framework/Capacitor
2026-05-24 15:59:41 +0000  copying file ./Payload/App.app/Frameworks/Capacitor.framework/PrivacyInfo.xcprivacy ... 
2026-05-24 15:59:41 +0000  373 bytes for ./Payload/App.app/Frameworks/Capacitor.framework/PrivacyInfo.xcprivacy
2026-05-24 15:59:41 +0000  copying file ./Payload/App.app/Frameworks/Capacitor.framework/Info.plist ... 
2026-05-24 15:59:41 +0000  762 bytes for ./Payload/App.app/Frameworks/Capacitor.framework/Info.plist
2026-05-24 15:59:41 +0000  copying file ./Payload/App.app/Frameworks/Cordova.framework/_CodeSignature/CodeResources ... 
2026-05-24 15:59:41 +0000  2034 bytes for ./Payload/App.app/Frameworks/Cordova.framework/_CodeSignature/CodeResources
2026-05-24 15:59:41 +0000  copying file ./Payload/App.app/Frameworks/Cordova.framework/Cordova ... 
2026-05-24 15:59:41 +0000  129504 bytes for ./Payload/App.app/Frameworks/Cordova.framework/Cordova
2026-05-24 15:59:41 +0000  copying file ./Payload/App.app/Frameworks/Cordova.framework/PrivacyInfo.xcprivacy ... 
2026-05-24 15:59:41 +0000  373 bytes for ./Payload/App.app/Frameworks/Cordova.framework/PrivacyInfo.xcprivacy
2026-05-24 15:59:41 +0000  copying file ./Payload/App.app/Frameworks/Cordova.framework/Info.plist ... 
2026-05-24 15:59:41 +0000  794 bytes for ./Payload/App.app/Frameworks/Cordova.framework/Info.plist
2026-05-24 15:59:41 +0000  copying file ./Payload/App.app/embedded.mobileprovision ... 
2026-05-24 15:59:41 +0000  16538 bytes for ./Payload/App.app/embedded.mobileprovision
2026-05-24 15:59:41 +0000  copying file ./Payload/App.app/Info.plist ... 
2026-05-24 15:59:41 +0000  1950 bytes for ./Payload/App.app/Info.plist
2026-05-24 15:59:41 +0000  copying file ./Payload/App.app/PkgInfo ... 
2026-05-24 15:59:41 +0000  8 bytes for ./Payload/App.app/PkgInfo
2026-05-24 15:59:41 +0000  copying file ./Symbols/D33F5A99-B482-3D6B-A3A4-CE3A755D4FBA.symbols ... 
2026-05-24 15:59:41 +0000  1253876 bytes for ./Symbols/D33F5A99-B482-3D6B-A3A4-CE3A755D4FBA.symbols
2026-05-24 15:59:41 +0000  copying file ./Symbols/9F2D4C8E-CEC6-3B1A-A049-06330DF81210.symbols ... 
2026-05-24 15:59:41 +0000  189324 bytes for ./Symbols/9F2D4C8E-CEC6-3B1A-A049-06330DF81210.symbols
2026-05-24 15:59:41 +0000  copying file ./Symbols/AA2E2AAA-BEC0-357F-8DE0-2F87FA094534.symbols ... 
2026-05-24 15:59:41 +0000  49276 bytes for ./Symbols/AA2E2AAA-BEC0-357F-8DE0-2F87FA094534.symbols
2026-05-24 15:59:41 +0000 [MT] /usr/bin/ditto exited with 0
2026-05-24 15:59:41 +0000 [MT] Processing step: IDEDistributionAppStoreInformationStep
2026-05-24 15:59:41 +0000 [MT] Skipping step: IDEDistributionAppStoreInformationStep because it said so
2026-05-24 15:59:41 +0000 [MT] Processing step: IDEDistributionGenerateProcessedDistributionItems
2026-05-24 15:59:41 +0000 [MT] IDEDistributionItem init <DVTFilePath:0x11c00def0:'/var/folders/y5/m4lt_4tx3v3grdl78fzhvdcm0000gn/T/XcodeDistPipeline.~~~4TUnRZ/Root/Payload/App.app/Frameworks/Cordova.framework'>
2026-05-24 15:59:41 +0000 [MT] IDEDistributionItem init <DVTFilePath:0x1149cc7a0:'/var/folders/y5/m4lt_4tx3v3grdl78fzhvdcm0000gn/T/XcodeDistPipeline.~~~4TUnRZ/Root/Payload/App.app/Frameworks/Capacitor.framework'>
2026-05-24 15:59:41 +0000 [MT] IDEDistributionItem init <DVTFilePath:0x11bfba610:'/var/folders/y5/m4lt_4tx3v3grdl78fzhvdcm0000gn/T/XcodeDistPipeline.~~~4TUnRZ/Root/Payload/App.app'>
2026-05-24 15:59:41 +0000 [MT] Processing step: IDEDistributionCreateManifestStep
2026-05-24 15:59:41 +0000 [MT] Skipping step: IDEDistributionCreateManifestStep because it said so
